# 3ds Max Wavefront OBJ Exporter v0.97b - (c)2007 guruware
# File Created: 15.05.2017 12:29:55

mtllib Wagoon_1353.mtl

#
# object Tube002
#

v  -14.0211 14.4776 24.8438
v  -14.0211 14.4776 23.1596
v  -14.8279 14.5396 23.1596
v  -14.8279 14.5396 24.8438
v  -14.2363 13.0846 24.8438
v  -14.8279 13.1300 24.8438
v  -14.4515 11.6915 24.8438
v  -14.8279 11.7204 24.8438
v  -14.6666 10.2985 24.8438
v  -14.8279 10.3108 24.8438
v  -14.6666 10.2985 23.1596
v  -14.8279 10.3108 23.1596
v  -14.4515 11.6915 22.3427
v  -14.6666 10.2985 22.3427
v  -14.8279 10.3108 22.3427
v  -14.8279 11.7204 22.3427
v  -14.2363 13.0846 23.1596
v  -14.4515 11.6915 23.1596
v  -14.8279 11.7204 23.1596
v  -14.8279 13.1300 23.1596
v  -13.2333 14.2933 24.8438
v  -13.2333 14.2933 23.1596
v  -13.6586 12.9494 24.8438
v  -14.0839 11.6055 24.8438
v  -14.5092 10.2616 24.8438
v  -14.5092 10.2616 23.1596
v  -14.0839 11.6055 22.3427
v  -14.5092 10.2616 22.3427
v  -13.6586 12.9494 23.1596
v  -14.0839 11.6055 23.1596
v  -12.4828 13.9908 24.8438
v  -12.4828 13.9908 23.1596
v  -13.1083 12.7276 24.8438
v  -13.7338 11.4644 24.8438
v  -14.3592 10.2012 24.8438
v  -14.3592 10.2012 23.1596
v  -13.7338 11.4644 22.3427
v  -14.3592 10.2012 22.3427
v  -13.1083 12.7276 23.1596
v  -13.7338 11.4644 23.1596
v  -11.7874 13.5774 24.8438
v  -11.7874 13.5774 23.1596
v  -12.5983 12.4244 24.8438
v  -13.4093 11.2715 24.8438
v  -14.2202 10.1185 24.8438
v  -14.2202 10.1185 23.1596
v  -13.4093 11.2715 22.3427
v  -14.2202 10.1186 22.3427
v  -12.5983 12.4244 23.1596
v  -13.4093 11.2715 23.1596
v  -11.1631 13.0626 24.8438
v  -11.1631 13.0626 23.1596
v  -12.1406 12.0469 24.8438
v  -13.1180 11.0313 24.8438
v  -14.0955 10.0157 24.8438
v  -14.0955 10.0157 23.1596
v  -13.1180 11.0313 22.3427
v  -14.0955 10.0157 22.3427
v  -12.1406 12.0469 23.1596
v  -13.1180 11.0313 23.1596
v  -10.6248 12.4585 24.8438
v  -10.6248 12.4585 23.1596
v  -11.7458 11.6040 24.8438
v  -12.8669 10.7495 24.8438
v  -13.9879 9.8950 24.8438
v  -13.9879 9.8950 23.1596
v  -12.8669 10.7495 22.3427
v  -13.9879 9.8950 22.3427
v  -11.7458 11.6040 23.1596
v  -12.8669 10.7495 23.1596
v  -10.1850 11.7794 24.8438
v  -10.1850 11.7794 23.1596
v  -11.4233 11.1060 24.8438
v  -12.6617 10.4326 24.8438
v  -13.9000 9.7592 24.8438
v  -13.9000 9.7592 23.1596
v  -12.6617 10.4326 22.3427
v  -13.9000 9.7592 22.3427
v  -11.4233 11.1060 23.1596
v  -12.6617 10.4326 23.1596
v  -9.8540 11.0411 24.8438
v  -9.8540 11.0411 23.1596
v  -11.1806 10.5646 24.8438
v  -12.5072 10.0881 24.8438
v  -13.8339 9.6117 24.8438
v  -13.8339 9.6117 23.1596
v  -12.5072 10.0881 22.3427
v  -13.8339 9.6117 22.3427
v  -11.1806 10.5646 23.1596
v  -12.5072 10.0881 23.1596
v  -9.6396 10.2609 24.8438
v  -9.6396 10.2609 23.1596
v  -11.0234 9.9925 24.8438
v  -12.4072 9.7241 24.8438
v  -13.7910 9.4558 24.8438
v  -13.7910 9.4558 23.1596
v  -12.4072 9.7241 22.3427
v  -13.7910 9.4558 22.3427
v  -11.0234 9.9925 23.1596
v  -12.4072 9.7241 23.1596
v  -9.5468 9.4571 24.8438
v  -9.5468 9.4571 23.1596
v  -10.9554 9.4031 24.8438
v  -12.3639 9.3491 24.8438
v  -13.7725 9.2951 24.8438
v  -13.7725 9.2951 23.1596
v  -12.3639 9.3491 22.3427
v  -13.7725 9.2951 22.3427
v  -10.9554 9.4031 23.1596
v  -12.3639 9.3491 23.1596
v  -9.5778 8.6486 24.8438
v  -9.5778 8.6486 23.1596
v  -10.9781 8.8102 24.8438
v  -12.3784 8.9719 24.8438
v  -13.7787 9.1335 24.8438
v  -13.7787 9.1335 23.1596
v  -12.3784 8.9719 22.3427
v  -13.7787 9.1335 22.3427
v  -10.9781 8.8102 23.1596
v  -12.3784 8.9719 23.1596
v  -9.7319 7.8543 24.8438
v  -9.7319 7.8543 23.1596
v  -11.0911 8.2278 24.8438
v  -12.4503 8.6013 24.8438
v  -13.8094 8.9748 24.8438
v  -13.8094 8.9748 23.1596
v  -12.4503 8.6013 22.3427
v  -13.8094 8.9748 22.3427
v  -11.0911 8.2278 23.1596
v  -12.4503 8.6013 23.1596
v  -10.0054 7.0928 24.8438
v  -10.0054 7.0928 23.1596
v  -11.2916 7.6694 24.8438
v  -12.5779 8.2460 24.8438
v  -13.8641 8.8226 24.8438
v  -13.8641 8.8226 23.1596
v  -12.5779 8.2460 22.3427
v  -13.8641 8.8226 22.3427
v  -11.2916 7.6694 23.1596
v  -12.5779 8.2460 23.1596
v  -10.3919 6.3820 24.8438
v  -10.3919 6.3820 23.1596
v  -11.5750 7.1482 24.8438
v  -12.7582 7.9144 24.8438
v  -13.9413 8.6806 24.8438
v  -13.9413 8.6806 23.1596
v  -12.7582 7.9144 22.3427
v  -13.9413 8.6806 22.3427
v  -11.5750 7.1482 23.1596
v  -12.7582 7.9144 23.1596
v  -10.8824 5.7385 24.8438
v  -10.8824 5.7385 23.1596
v  -11.9347 6.6763 24.8438
v  -12.9870 7.6141 24.8438
v  -14.0394 8.5520 24.8438
v  -14.0394 8.5520 23.1596
v  -12.9870 7.6141 22.3427
v  -14.0394 8.5520 22.3427
v  -11.9347 6.6763 23.1596
v  -12.9870 7.6141 23.1596
v  -11.4654 5.1774 24.8438
v  -11.4654 5.1774 23.1596
v  -12.3622 6.2649 24.8438
v  -13.2590 7.3524 24.8438
v  -14.1559 8.4398 24.8438
v  -14.1559 8.4398 23.1596
v  -13.2590 7.3524 22.3427
v  -14.1559 8.4398 22.3427
v  -12.3622 6.2649 23.1596
v  -13.2590 7.3524 23.1596
v  -12.1272 4.7119 24.8438
v  -12.1272 4.7119 23.1596
v  -12.8475 5.9236 24.8438
v  -13.5678 7.1352 24.8438
v  -14.2881 8.3468 24.8438
v  -14.2881 8.3468 23.1596
v  -13.5678 7.1352 22.3427
v  -14.2881 8.3468 22.3427
v  -12.8475 5.9236 23.1596
v  -13.5678 7.1352 23.1596
v  -12.8523 4.3529 24.8438
v  -12.8523 4.3529 23.1596
v  -13.3792 5.6603 24.8438
v  -13.9061 6.9677 24.8438
v  -14.4330 8.2751 24.8438
v  -14.4330 8.2751 23.1596
v  -13.9061 6.9677 22.3427
v  -14.4330 8.2751 22.3427
v  -13.3792 5.6603 23.1596
v  -13.9061 6.9677 23.1596
v  -13.6237 4.1088 24.8438
v  -13.6237 4.1088 23.1596
v  -13.9449 5.4813 24.8438
v  -14.2660 6.8538 24.8438
v  -14.5872 8.2263 24.8438
v  -14.5872 8.2263 23.1596
v  -14.2660 6.8538 22.3427
v  -14.5872 8.2263 22.3427
v  -13.9449 5.4813 23.1596
v  -14.2660 6.8538 23.1596
v  -14.4233 3.9853 24.8438
v  -14.4233 3.9853 23.1596
v  -14.5312 5.3907 24.8438
v  -14.6391 6.7962 24.8438
v  -14.7470 8.2016 24.8438
v  -14.7470 8.2016 23.1596
v  -14.6391 6.7962 22.3427
v  -14.7470 8.2016 22.3427
v  -14.5312 5.3907 23.1596
v  -14.6391 6.7962 23.1596
v  -15.2324 3.9853 24.8438
v  -15.2324 3.9853 23.1596
v  -15.1245 5.3907 24.8438
v  -15.0166 6.7962 24.8438
v  -14.9087 8.2016 24.8438
v  -14.9087 8.2016 23.1596
v  -15.0166 6.7962 22.3427
v  -14.9087 8.2016 22.3427
v  -15.1245 5.3907 23.1596
v  -15.0166 6.7962 23.1596
v  -16.0320 4.1088 24.8438
v  -16.0320 4.1088 23.1596
v  -15.7109 5.4813 24.8438
v  -15.3897 6.8538 24.8438
v  -15.0685 8.2263 24.8438
v  -15.0685 8.2263 23.1596
v  -15.3897 6.8538 22.3427
v  -15.0685 8.2263 22.3427
v  -15.7109 5.4813 23.1596
v  -15.3897 6.8538 23.1596
v  -16.8035 4.3529 24.8438
v  -16.8035 4.3529 23.1596
v  -16.2765 5.6603 24.8438
v  -15.7496 6.9677 24.8438
v  -15.2227 8.2751 24.8438
v  -15.2227 8.2751 23.1596
v  -15.7496 6.9677 22.3427
v  -15.2227 8.2751 22.3427
v  -16.2765 5.6603 23.1596
v  -15.7496 6.9677 23.1596
v  -17.5286 4.7119 24.8438
v  -17.5286 4.7119 23.1596
v  -16.8082 5.9236 24.8438
v  -16.0879 7.1352 24.8438
v  -15.3676 8.3468 24.8438
v  -15.3676 8.3468 23.1596
v  -16.0879 7.1352 22.3427
v  -15.3676 8.3468 22.3427
v  -16.8082 5.9236 23.1596
v  -16.0879 7.1352 23.1596
v  -18.1903 5.1774 24.8438
v  -18.1903 5.1774 23.1596
v  -17.2935 6.2649 24.8438
v  -16.3967 7.3524 24.8438
v  -15.4998 8.4398 24.8438
v  -15.4998 8.4398 23.1596
v  -16.3967 7.3524 22.3427
v  -15.4998 8.4398 22.3427
v  -17.2935 6.2649 23.1596
v  -16.3967 7.3524 23.1596
v  -18.7733 5.7385 24.8438
v  -18.7733 5.7385 23.1596
v  -17.7210 6.6763 24.8438
v  -16.6687 7.6141 24.8438
v  -15.6164 8.5520 24.8438
v  -15.6164 8.5520 23.1596
v  -16.6687 7.6141 22.3427
v  -15.6164 8.5520 22.3427
v  -17.7210 6.6763 23.1596
v  -16.6687 7.6141 23.1596
v  -19.2638 6.3820 24.8438
v  -19.2638 6.3820 23.1596
v  -18.0807 7.1482 24.8438
v  -16.8975 7.9144 24.8438
v  -15.7144 8.6806 24.8438
v  -15.7144 8.6806 23.1596
v  -16.8975 7.9144 22.3427
v  -15.7144 8.6806 22.3427
v  -18.0807 7.1482 23.1596
v  -16.8975 7.9144 23.1596
v  -19.6504 7.0928 24.8438
v  -19.6504 7.0928 23.1596
v  -18.3641 7.6694 24.8438
v  -17.0779 8.2460 24.8438
v  -15.7916 8.8226 24.8438
v  -15.7916 8.8226 23.1596
v  -17.0779 8.2460 22.3427
v  -15.7916 8.8226 22.3427
v  -18.3641 7.6694 23.1596
v  -17.0779 8.2460 23.1596
v  -19.9239 7.8543 24.8438
v  -19.9239 7.8543 23.1596
v  -18.5647 8.2278 24.8438
v  -17.2055 8.6013 24.8438
v  -15.8463 8.9748 24.8438
v  -15.8463 8.9748 23.1596
v  -17.2055 8.6013 22.3427
v  -15.8463 8.9748 22.3427
v  -18.5647 8.2278 23.1596
v  -17.2055 8.6013 23.1596
v  -20.0779 8.6486 24.8438
v  -20.0779 8.6486 23.1596
v  -18.6776 8.8102 24.8438
v  -17.2773 8.9719 24.8438
v  -15.8771 9.1335 24.8438
v  -15.8771 9.1335 23.1596
v  -17.2773 8.9719 22.3427
v  -15.8771 9.1335 22.3427
v  -18.6776 8.8102 23.1596
v  -17.2773 8.9719 23.1596
v  -20.1089 9.4571 24.8438
v  -20.1089 9.4571 23.1596
v  -18.7004 9.4031 24.8438
v  -17.2918 9.3491 24.8438
v  -15.8833 9.2951 24.8438
v  -15.8833 9.2951 23.1596
v  -17.2918 9.3491 22.3427
v  -15.8833 9.2951 22.3427
v  -18.7004 9.4031 23.1596
v  -17.2918 9.3491 23.1596
v  -20.0161 10.2609 24.8438
v  -20.0161 10.2609 23.1596
v  -18.6323 9.9925 24.8438
v  -17.2485 9.7241 24.8438
v  -15.8647 9.4558 24.8438
v  -15.8647 9.4558 23.1596
v  -17.2485 9.7241 22.3427
v  -15.8647 9.4558 22.3427
v  -18.6323 9.9925 23.1596
v  -17.2485 9.7241 23.1596
v  -19.8017 11.0411 24.8438
v  -19.8017 11.0411 23.1596
v  -18.4751 10.5646 24.8438
v  -17.1485 10.0881 24.8438
v  -15.8219 9.6117 24.8438
v  -15.8219 9.6117 23.1596
v  -17.1485 10.0881 22.3427
v  -15.8219 9.6117 22.3427
v  -18.4751 10.5646 23.1596
v  -17.1485 10.0881 23.1596
v  -19.4707 11.7794 24.8438
v  -19.4707 11.7794 23.1596
v  -18.2324 11.1060 24.8438
v  -16.9941 10.4326 24.8438
v  -15.7557 9.7592 24.8438
v  -15.7557 9.7592 23.1596
v  -16.9941 10.4326 22.3427
v  -15.7557 9.7592 22.3427
v  -18.2324 11.1060 23.1596
v  -16.9941 10.4326 23.1596
v  -19.0309 12.4585 24.8438
v  -19.0309 12.4585 23.1596
v  -17.9099 11.6040 24.8438
v  -16.7889 10.7495 24.8438
v  -15.6678 9.8950 24.8438
v  -15.6678 9.8950 23.1596
v  -16.7889 10.7495 22.3427
v  -15.6678 9.8950 22.3427
v  -17.9099 11.6040 23.1596
v  -16.7889 10.7495 23.1596
v  -18.4926 13.0626 24.8438
v  -18.4926 13.0626 23.1596
v  -17.5151 12.0469 24.8438
v  -16.5377 11.0313 24.8438
v  -15.5603 10.0157 24.8438
v  -15.5603 10.0157 23.1596
v  -16.5377 11.0313 22.3427
v  -15.5603 10.0157 22.3427
v  -17.5151 12.0469 23.1596
v  -16.5377 11.0313 23.1596
v  -17.8684 13.5774 24.8438
v  -17.8684 13.5774 23.1596
v  -17.0574 12.4244 24.8438
v  -16.2465 11.2715 24.8438
v  -15.4355 10.1185 24.8438
v  -15.4355 10.1185 23.1596
v  -16.2465 11.2715 22.3427
v  -15.4355 10.1185 22.3427
v  -17.0574 12.4244 23.1596
v  -16.2465 11.2715 23.1596
v  -17.1729 13.9908 24.8438
v  -17.1729 13.9908 23.1596
v  -16.5474 12.7276 24.8438
v  -15.9220 11.4644 24.8438
v  -15.2965 10.2012 24.8438
v  -15.2965 10.2012 23.1596
v  -15.9220 11.4644 22.3427
v  -15.2965 10.2012 22.3427
v  -16.5474 12.7276 23.1596
v  -15.9220 11.4644 23.1596
v  -16.4224 14.2933 24.8438
v  -16.4224 14.2933 23.1596
v  -15.9971 12.9494 24.8438
v  -15.5718 11.6055 24.8438
v  -15.1465 10.2616 24.8438
v  -15.1465 10.2616 23.1596
v  -15.5718 11.6055 22.3427
v  -15.1465 10.2616 22.3427
v  -15.9971 12.9494 23.1596
v  -15.5718 11.6055 23.1596
v  -15.6346 14.4776 24.8438
v  -15.6346 14.4776 23.1596
v  -15.4194 13.0846 24.8438
v  -15.2043 11.6915 24.8438
v  -14.9891 10.2985 24.8438
v  -14.9891 10.2985 23.1596
v  -15.2043 11.6915 22.3427
v  -14.9891 10.2985 22.3427
v  -15.4194 13.0846 23.1596
v  -15.2043 11.6915 23.1596
v  15.1464 7.4705 23.4313
v  15.1464 7.4705 23.8493
v  14.0127 7.4705 23.8493
v  14.0127 7.4705 23.4313
v  15.5541 15.8592 19.7820
v  13.6050 15.8592 19.7820
v  13.6050 15.8592 20.2000
v  15.5541 15.8592 20.2000
v  13.7119 9.3399 23.8493
v  15.4472 9.3399 23.8493
v  15.5541 12.3744 21.4691
v  13.6050 12.3744 21.4691
v  15.4472 9.3399 23.4313
v  15.5541 12.3744 21.0511
v  13.7119 9.3399 23.4313
v  13.6050 12.3744 21.0511
v  13.6050 13.9898 20.2559
v  15.5541 13.9898 20.2559
v  15.5541 13.9898 19.8379
v  13.6050 13.9898 19.8379
v  -14.2168 7.4705 23.4313
v  -14.2168 7.4705 23.8493
v  -15.3506 7.4705 23.8493
v  -15.3506 7.4705 23.4313
v  -13.8092 15.8592 19.7820
v  -15.7582 15.8592 19.7820
v  -15.7582 15.8592 20.2000
v  -13.8092 15.8592 20.2000
v  -15.6514 9.3399 23.8493
v  -13.9160 9.3399 23.8493
v  -13.8092 12.3744 21.4691
v  -15.7582 12.3744 21.4691
v  -13.9160 9.3399 23.4313
v  -13.8092 12.3744 21.0511
v  -15.6514 9.3399 23.4313
v  -15.7582 12.3744 21.0511
v  -15.7582 13.9898 20.2559
v  -13.8092 13.9898 20.2559
v  -13.8092 13.9898 19.8379
v  -15.7582 13.9898 19.8379
v  13.9661 7.4705 -3.9726
v  13.9661 7.4705 -4.3905
v  15.0998 7.4705 -4.3905
v  15.0998 7.4705 -3.9726
v  13.5584 15.8592 -0.3233
v  15.5075 15.8592 -0.3233
v  15.5075 15.8592 -0.7412
v  13.5584 15.8592 -0.7412
v  15.4007 9.3399 -4.3905
v  13.6653 9.3399 -4.3905
v  13.5584 12.3744 -2.0103
v  15.5075 12.3744 -2.0103
v  13.6653 9.3399 -3.9726
v  13.5584 12.3744 -1.5924
v  15.4007 9.3399 -3.9726
v  15.5075 12.3744 -1.5924
v  15.5075 13.9898 -0.7971
v  13.5584 13.9898 -0.7971
v  13.5584 13.9898 -0.3792
v  15.5075 13.9898 -0.3792
v  -15.3972 7.4705 -3.9726
v  -15.3972 7.4705 -4.3906
v  -14.2634 7.4705 -4.3906
v  -14.2634 7.4705 -3.9726
v  -15.8048 15.8592 -0.3233
v  -13.8558 15.8592 -0.3233
v  -13.8558 15.8592 -0.7413
v  -15.8048 15.8592 -0.7413
v  -13.9626 9.3399 -4.3906
v  -15.6980 9.3399 -4.3906
v  -15.8048 12.3744 -2.0103
v  -13.8558 12.3744 -2.0103
v  -15.6980 9.3399 -3.9726
v  -15.8048 12.3744 -1.5924
v  -13.9626 9.3399 -3.9726
v  -13.8558 12.3744 -1.5924
v  -13.8558 13.9898 -0.7971
v  -15.8048 13.9898 -0.7971
v  -15.8048 13.9898 -0.3792
v  -13.8558 13.9898 -0.3792
v  -15.8711 15.4651 8.9349
v  -15.6621 15.5325 8.9349
v  -15.6621 15.5325 10.9157
v  -15.8711 15.4651 10.9157
v  -24.9606 15.8530 8.2227
v  -24.9606 15.8530 11.6279
v  -24.7516 16.2150 11.6279
v  -24.7516 16.2150 8.2227
v  -17.2811 16.1157 11.4413
v  -17.2811 16.1157 8.4093
v  -21.0991 15.5716 8.2227
v  -21.0991 15.5716 11.6279
v  -17.4901 15.7537 8.4093
v  -21.3081 15.2097 8.2227
v  -17.4901 15.8693 11.4413
v  -21.3081 15.2097 11.6279
v  -22.9052 16.3922 11.6279
v  -22.9052 16.3922 8.2227
v  -24.5521 17.2785 8.2227
v  -24.5521 17.2785 11.6279
v  -23.1047 15.3286 8.2227
v  -23.1047 15.3286 11.6279
v  -23.3137 14.9667 8.2227
v  -23.3137 14.9667 11.6279
v  -40.0552 41.0703 14.0375
v  -43.9783 46.6730 14.0375
v  -45.1896 45.8248 14.0375
v  -41.2666 40.2222 14.0375
v  -40.0552 41.0703 5.7828
v  -41.2666 40.2222 5.7828
v  -43.9783 46.6730 5.7828
v  -45.1896 45.8248 5.7828
v  -44.6639 45.0740 6.6994
v  -44.6639 45.0740 13.1209
v  -41.7923 40.9730 6.6994
v  -41.7923 40.9730 13.1209
v  -40.5810 41.8212 13.1209
v  -43.4525 45.9222 13.1209
v  -40.5810 41.8212 6.6994
v  -43.4525 45.9222 6.6994
v  -44.1381 44.3232 6.9104
v  -44.1381 44.3232 12.9099
v  -42.3181 41.7238 6.9104
v  -42.3181 41.7238 12.9099
v  -41.1067 42.5720 12.9099
v  -42.9268 45.1713 12.9099
v  -41.1067 42.5720 6.9104
v  -42.9268 45.1713 6.9104
v  -23.6888 15.2475 9.0580
v  -23.6888 15.2475 10.9448
v  -41.6807 41.0315 10.9448
v  -41.6807 41.0315 9.0580
v  -21.9648 15.4234 9.0580
v  -40.7147 41.7079 9.0580
v  -40.7147 41.7079 10.9448
v  -21.9648 15.4234 10.9448
v  -17.0953 16.2034 -1.1100
v  -17.0953 16.2034 20.6326
v  15.4470 16.2034 20.6326
v  15.4470 16.2034 -1.1100
v  -18.2708 22.4604 -2.4794
v  -18.1796 22.2320 -3.5704
v  -18.6615 22.2247 -3.4174
v  -19.0760 22.2247 -2.9345
v  -19.2074 22.2320 -2.3732
v  -19.2074 22.2320 21.8958
v  -18.2708 22.4604 22.0020
v  -19.0760 22.2247 22.4572
v  -18.6615 22.2247 22.9401
v  -18.1796 22.2320 23.0931
v  16.5313 22.2320 23.0931
v  16.6225 22.4604 22.0020
v  17.0132 22.2247 22.9401
v  17.4277 22.2247 22.4572
v  17.5591 22.2320 21.8958
v  17.5591 22.2320 -2.3732
v  16.6225 22.4604 -2.4794
v  17.4277 22.2247 -2.9345
v  17.0132 22.2247 -3.4174
v  16.5313 22.2320 -3.5704
v  -18.2012 21.7921 -4.2572
v  -18.9477 21.7948 -3.9950
v  -19.5718 21.7948 -3.2680
v  -19.7969 21.7921 -2.3983
v  -19.7969 21.7921 21.9209
v  -19.5718 21.7948 22.7906
v  -18.9477 21.7948 23.5176
v  -18.2012 21.7921 23.7799
v  16.5529 21.7921 23.7799
v  17.2995 21.7948 23.5176
v  17.9235 21.7948 22.7906
v  18.1486 21.7921 21.9209
v  18.1486 21.7921 -2.3983
v  17.9235 21.7948 -3.2680
v  17.2995 21.7948 -3.9950
v  16.5529 21.7921 -4.2572
v  -18.0953 21.9011 -3.2662
v  -18.0953 21.5019 -3.4195
v  -18.5865 21.5019 -3.2662
v  -18.5207 21.9011 -3.1334
v  -18.9462 21.5019 -2.8472
v  -18.8322 21.9011 -2.7705
v  -19.0778 21.5019 -2.2749
v  -18.9462 21.9011 -2.2749
v  -19.0778 21.5019 21.7976
v  -18.9462 21.9011 21.7976
v  -18.9462 21.5019 22.3699
v  -18.8322 21.9011 22.2932
v  -18.5865 21.5019 22.7888
v  -18.5207 21.9011 22.6560
v  -18.0953 21.5019 22.9422
v  -18.0953 21.9011 22.7888
v  16.4470 21.5019 22.9422
v  16.4470 21.9011 22.7888
v  16.9383 21.5019 22.7888
v  16.8725 21.9011 22.6560
v  17.2979 21.5019 22.3699
v  17.1839 21.9011 22.2932
v  17.4295 21.5019 21.7976
v  17.2979 21.9011 21.7976
v  17.4295 21.5019 -2.2749
v  17.2979 21.9011 -2.2749
v  17.2979 21.5019 -2.8472
v  17.1839 21.9011 -2.7705
v  16.9383 21.5019 -3.2662
v  16.8725 21.9011 -3.1334
v  16.4470 21.5019 -3.4195
v  16.4470 21.9011 -3.2662
v  -18.0953 16.0398 -3.4195
v  -18.5865 16.0398 -3.2662
v  -18.9462 16.0398 -2.8472
v  -19.0778 16.0398 -2.2749
v  -19.0778 16.0398 21.7976
v  -18.9462 16.0398 22.3699
v  -18.5865 16.0398 22.7888
v  -18.0953 16.0398 22.9422
v  16.4470 16.0398 22.9422
v  16.9383 16.0398 22.7888
v  17.2979 16.0398 22.3699
v  17.4295 16.0398 21.7976
v  17.4295 16.0398 -2.2749
v  17.2979 16.0398 -2.8472
v  16.9383 16.0398 -3.2662
v  16.4470 16.0398 -3.4195
v  -18.0953 15.6406 -3.2662
v  -18.5207 15.6406 -3.1334
v  -18.8322 15.6406 -2.7705
v  -18.9462 15.6406 -2.2749
v  -18.9462 15.6406 21.7976
v  -18.8322 15.6406 22.2932
v  -18.5207 15.6406 22.6560
v  -18.0953 15.6406 22.7888
v  16.4470 15.6406 22.7888
v  16.8725 15.6406 22.6560
v  17.1839 15.6406 22.2932
v  17.2979 15.6406 21.7976
v  17.2979 15.6406 -2.2749
v  17.1839 15.6406 -2.7705
v  16.8725 15.6406 -3.1334
v  16.4470 15.6406 -3.2662
v  -18.0953 15.3484 -2.8472
v  -18.3409 15.3484 -2.7705
v  -18.5207 15.3484 -2.5611
v  -18.5865 15.3484 -2.2749
v  -18.5865 15.3484 21.7976
v  -18.5207 15.3484 22.0837
v  -18.3409 15.3484 22.2932
v  -18.0953 15.3484 22.3699
v  16.4470 15.3484 22.3699
v  16.6927 15.3484 22.2932
v  16.8725 15.3484 22.0837
v  16.9383 15.3484 21.7976
v  16.9383 15.3484 -2.2749
v  16.8725 15.3484 -2.5611
v  16.6927 15.3484 -2.7705
v  16.4470 15.3484 -2.8472
v  -18.0953 15.2414 -2.2749
v  -18.0953 15.2414 21.7976
v  16.4470 15.2414 21.7976
v  16.4470 15.2414 -2.2749
v  -18.0953 22.3002 -2.2749
v  -18.0953 22.3002 21.7976
v  16.4470 22.3002 21.7976
v  16.4470 22.3002 -2.2749
v  -0.2764 -2.3210 31.1040
v  -0.2764 -2.3210 31.1140
v  -0.2664 -2.3210 31.1140
v  -0.2664 -2.3210 31.1040
v  -0.2764 -2.3217 31.1014
v  -0.2776 -2.3217 31.1018
v  -0.2786 -2.3217 31.1027
v  -0.2789 -2.3217 31.1040
v  -0.2789 -2.3217 31.1140
v  -0.2786 -2.3217 31.1152
v  -0.2776 -2.3217 31.1161
v  -0.2764 -2.3217 31.1165
v  -0.2664 -2.3217 31.1165
v  -0.2651 -2.3217 31.1161
v  -0.2642 -2.3217 31.1152
v  -0.2639 -2.3217 31.1140
v  -0.2639 -2.3217 31.1040
v  -0.2642 -2.3217 31.1027
v  -0.2651 -2.3217 31.1018
v  -0.2664 -2.3217 31.1014
v  -0.2764 -2.3235 31.0996
v  -0.2786 -2.3235 31.1002
v  -0.2801 -2.3235 31.1018
v  -0.2807 -2.3235 31.1040
v  -0.2807 -2.3235 31.1140
v  -0.2801 -2.3235 31.1161
v  -0.2786 -2.3235 31.1177
v  -0.2764 -2.3235 31.1183
v  -0.2664 -2.3235 31.1183
v  -0.2642 -2.3235 31.1177
v  -0.2626 -2.3235 31.1161
v  -0.2621 -2.3235 31.1140
v  -0.2621 -2.3235 31.1040
v  -0.2626 -2.3235 31.1018
v  -0.2642 -2.3235 31.1002
v  -0.2664 -2.3235 31.0996
v  -0.2764 -2.3260 31.0989
v  -0.2789 -2.3260 31.0996
v  -0.2807 -2.3260 31.1014
v  -0.2814 -2.3260 31.1040
v  -0.2814 -2.3260 31.1140
v  -0.2807 -2.3260 31.1165
v  -0.2789 -2.3260 31.1183
v  -0.2764 -2.3260 31.1189
v  -0.2664 -2.3260 31.1189
v  -0.2639 -2.3260 31.1183
v  -0.2621 -2.3260 31.1165
v  -0.2614 -2.3260 31.1140
v  -0.2614 -2.3260 31.1040
v  -0.2621 -2.3260 31.1014
v  -0.2639 -2.3260 31.0996
v  -0.2664 -2.3260 31.0989
v  -0.2764 -2.3360 31.0989
v  -0.2789 -2.3360 31.0996
v  -0.2807 -2.3360 31.1014
v  -0.2814 -2.3360 31.1040
v  -0.2814 -2.3360 31.1140
v  -0.2807 -2.3360 31.1165
v  -0.2789 -2.3360 31.1183
v  -0.2764 -2.3360 31.1189
v  -0.2664 -2.3360 31.1189
v  -0.2639 -2.3360 31.1183
v  -0.2621 -2.3360 31.1165
v  -0.2614 -2.3360 31.1140
v  -0.2614 -2.3360 31.1040
v  -0.2621 -2.3360 31.1014
v  -0.2639 -2.3360 31.0996
v  -0.2664 -2.3360 31.0989
v  -0.2764 -2.3385 31.0996
v  -0.2786 -2.3385 31.1002
v  -0.2801 -2.3385 31.1018
v  -0.2807 -2.3385 31.1040
v  -0.2807 -2.3385 31.1140
v  -0.2801 -2.3385 31.1161
v  -0.2786 -2.3385 31.1177
v  -0.2764 -2.3385 31.1183
v  -0.2664 -2.3385 31.1183
v  -0.2642 -2.3385 31.1177
v  -0.2626 -2.3385 31.1161
v  -0.2621 -2.3385 31.1140
v  -0.2621 -2.3385 31.1040
v  -0.2626 -2.3385 31.1018
v  -0.2642 -2.3385 31.1002
v  -0.2664 -2.3385 31.0996
v  -0.2764 -2.3403 31.1014
v  -0.2776 -2.3403 31.1018
v  -0.2786 -2.3403 31.1027
v  -0.2789 -2.3403 31.1040
v  -0.2789 -2.3403 31.1140
v  -0.2786 -2.3403 31.1152
v  -0.2776 -2.3403 31.1161
v  -0.2764 -2.3403 31.1165
v  -0.2664 -2.3403 31.1165
v  -0.2651 -2.3403 31.1161
v  -0.2642 -2.3403 31.1152
v  -0.2639 -2.3403 31.1140
v  -0.2639 -2.3403 31.1040
v  -0.2642 -2.3403 31.1027
v  -0.2651 -2.3403 31.1018
v  -0.2664 -2.3403 31.1014
v  -0.2764 -2.3410 31.1040
v  -0.2764 -2.3410 31.1140
v  -0.2664 -2.3410 31.1140
v  -0.2664 -2.3410 31.1040
v  14.8985 8.9133 -4.8392
v  15.0188 9.2037 -4.8392
v  15.0188 9.2037 22.9095
v  14.8985 8.9133 22.9095
v  14.6081 8.7930 -4.8392
v  14.6081 8.7930 22.9095
v  14.3178 8.9133 -4.8392
v  14.3178 8.9133 22.9095
v  14.1975 9.2037 -4.8392
v  14.1975 9.2037 22.9095
v  14.3178 9.4941 -4.8392
v  14.3178 9.4941 22.9095
v  14.6081 9.6143 -4.8392
v  14.6081 9.6143 22.9095
v  14.8985 9.4941 -4.8392
v  14.8985 9.4941 22.9095
v  -14.4179 8.9133 -4.8392
v  -14.2976 9.2037 -4.8392
v  -14.2976 9.2037 22.9095
v  -14.4179 8.9133 22.9095
v  -14.7083 8.7930 -4.8392
v  -14.7083 8.7930 22.9095
v  -14.9986 8.9133 -4.8392
v  -14.9986 8.9133 22.9095
v  -15.1189 9.2037 -4.8392
v  -15.1189 9.2037 22.9095
v  -14.9986 9.4941 -4.8392
v  -14.9986 9.4941 22.9095
v  -14.7083 9.6143 -4.8392
v  -14.7083 9.6143 22.9095
v  -14.4179 9.4941 -4.8392
v  -14.4179 9.4941 22.9095
v  14.5538 10.4167 24.1063
v  15.0060 10.3268 24.1063
v  14.5538 10.3268 23.4462
v  15.3893 10.0706 24.1063
v  15.0362 10.1999 23.4021
v  14.5538 10.0706 22.8867
v  15.6455 9.6873 24.1063
v  15.4510 9.8156 23.3701
v  15.0581 9.8156 22.7967
v  14.5538 9.6873 22.5128
v  15.7354 9.2351 24.1063
v  15.6455 9.2351 23.4462
v  15.3893 9.2351 22.8867
v  15.0060 9.2351 22.5128
v  14.5538 9.2351 22.3815
v  14.1017 10.3268 24.1063
v  14.0715 10.1999 23.4021
v  13.7183 10.0706 24.1063
v  14.0495 9.8156 22.7967
v  13.6567 9.8156 23.3701
v  13.4622 9.6873 24.1063
v  14.1017 9.2351 22.5128
v  13.7183 9.2351 22.8867
v  13.4622 9.2351 23.4462
v  13.3722 9.2351 24.1063
v  14.5538 10.3268 24.7663
v  14.0715 10.1999 24.8104
v  14.5538 10.0706 25.3259
v  13.6567 9.8156 24.8424
v  14.0495 9.8156 25.4158
v  14.5538 9.6873 25.6998
v  13.4622 9.2351 24.7663
v  13.7183 9.2351 25.3259
v  14.1017 9.2351 25.6998
v  14.5538 9.2351 25.8311
v  15.0362 10.1999 24.8104
v  15.0581 9.8156 25.4158
v  15.4510 9.8156 24.8424
v  15.0060 9.2351 25.6998
v  15.3893 9.2351 25.3259
v  15.6455 9.2351 24.7663
v  14.5538 8.0535 24.1063
v  14.5538 8.1435 23.4462
v  15.0060 8.1435 24.1063
v  14.5538 8.3996 22.8867
v  15.0362 8.2704 23.4021
v  15.3893 8.3996 24.1063
v  14.5538 8.7829 22.5128
v  15.0581 8.6546 22.7967
v  15.4510 8.6546 23.3701
v  15.6455 8.7829 24.1063
v  14.1017 8.1435 24.1063
v  13.7183 8.3996 24.1063
v  14.0715 8.2704 23.4021
v  13.4622 8.7829 24.1063
v  13.6567 8.6546 23.3701
v  14.0495 8.6546 22.7967
v  14.5538 8.1435 24.7663
v  14.5538 8.3996 25.3259
v  14.0715 8.2704 24.8104
v  14.5538 8.7829 25.6998
v  14.0495 8.6546 25.4158
v  13.6567 8.6546 24.8424
v  15.0362 8.2704 24.8104
v  15.4510 8.6546 24.8424
v  15.0581 8.6546 25.4158
v  -14.8094 10.4167 24.1063
v  -14.3573 10.3268 24.1063
v  -14.8094 10.3268 23.4462
v  -13.9739 10.0706 24.1063
v  -14.3270 10.1999 23.4021
v  -14.8094 10.0706 22.8867
v  -13.7178 9.6873 24.1063
v  -13.9123 9.8156 23.3701
v  -14.3051 9.8156 22.7967
v  -14.8094 9.6873 22.5128
v  -13.6278 9.2351 24.1063
v  -13.7178 9.2351 23.4462
v  -13.9739 9.2351 22.8867
v  -14.3573 9.2351 22.5128
v  -14.8094 9.2351 22.3815
v  -15.2616 10.3268 24.1063
v  -15.2918 10.1999 23.4021
v  -15.6449 10.0706 24.1063
v  -15.3137 9.8156 22.7967
v  -15.7066 9.8156 23.3701
v  -15.9011 9.6873 24.1063
v  -15.2616 9.2351 22.5128
v  -15.6449 9.2351 22.8867
v  -15.9011 9.2351 23.4462
v  -15.9910 9.2351 24.1063
v  -14.8094 10.3268 24.7663
v  -15.2918 10.1999 24.8104
v  -14.8094 10.0706 25.3259
v  -15.7066 9.8156 24.8424
v  -15.3137 9.8156 25.4158
v  -14.8094 9.6873 25.6998
v  -15.9011 9.2351 24.7663
v  -15.6449 9.2351 25.3259
v  -15.2616 9.2351 25.6998
v  -14.8094 9.2351 25.8311
v  -14.3270 10.1999 24.8104
v  -14.3051 9.8156 25.4158
v  -13.9123 9.8156 24.8424
v  -14.3573 9.2351 25.6998
v  -13.9739 9.2351 25.3259
v  -13.7178 9.2351 24.7663
v  -14.8094 8.0535 24.1063
v  -14.8094 8.1435 23.4462
v  -14.3573 8.1435 24.1063
v  -14.8094 8.3996 22.8867
v  -14.3270 8.2704 23.4021
v  -13.9739 8.3996 24.1063
v  -14.8094 8.7829 22.5128
v  -14.3051 8.6546 22.7967
v  -13.9123 8.6546 23.3701
v  -13.7178 8.7829 24.1063
v  -15.2616 8.1435 24.1063
v  -15.6449 8.3996 24.1063
v  -15.2918 8.2704 23.4021
v  -15.9011 8.7829 24.1063
v  -15.7066 8.6546 23.3701
v  -15.3137 8.6546 22.7967
v  -14.8094 8.1435 24.7663
v  -14.8094 8.3996 25.3259
v  -15.2918 8.2704 24.8104
v  -14.8094 8.7829 25.6998
v  -15.3137 8.6546 25.4158
v  -15.7066 8.6546 24.8424
v  -14.3270 8.2704 24.8104
v  -13.9123 8.6546 24.8424
v  -14.3051 8.6546 25.4158
v  14.5587 10.4167 -4.6475
v  14.1065 10.3268 -4.6475
v  14.5587 10.3268 -3.9875
v  13.7232 10.0706 -4.6475
v  14.0763 10.1999 -3.9434
v  14.5587 10.0706 -3.4279
v  13.4670 9.6873 -4.6475
v  13.6616 9.8156 -3.9114
v  14.0544 9.8156 -3.3380
v  14.5587 9.6873 -3.0541
v  13.3771 9.2351 -4.6475
v  13.4670 9.2351 -3.9875
v  13.7232 9.2351 -3.4279
v  14.1065 9.2351 -3.0541
v  14.5587 9.2351 -2.9228
v  15.0109 10.3268 -4.6475
v  15.0411 10.1999 -3.9434
v  15.3942 10.0706 -4.6475
v  15.0630 9.8156 -3.3380
v  15.4558 9.8156 -3.9114
v  15.6503 9.6873 -4.6475
v  15.0109 9.2351 -3.0541
v  15.3942 9.2351 -3.4279
v  15.6503 9.2351 -3.9875
v  15.7403 9.2351 -4.6475
v  14.5587 10.3268 -5.3076
v  15.0411 10.1999 -5.3517
v  14.5587 10.0706 -5.8671
v  15.4558 9.8156 -5.3837
v  15.0630 9.8156 -5.9571
v  14.5587 9.6873 -6.2410
v  15.6503 9.2351 -5.3076
v  15.3942 9.2351 -5.8671
v  15.0109 9.2351 -6.2410
v  14.5587 9.2351 -6.3723
v  14.0763 10.1999 -5.3517
v  14.0544 9.8156 -5.9571
v  13.6616 9.8156 -5.3837
v  14.1065 9.2351 -6.2410
v  13.7232 9.2351 -5.8671
v  13.4670 9.2351 -5.3076
v  14.5587 8.0535 -4.6475
v  14.5587 8.1435 -3.9875
v  14.1065 8.1435 -4.6475
v  14.5587 8.3996 -3.4279
v  14.0763 8.2704 -3.9434
v  13.7232 8.3996 -4.6475
v  14.5587 8.7829 -3.0541
v  14.0544 8.6546 -3.3380
v  13.6616 8.6546 -3.9114
v  13.4670 8.7829 -4.6475
v  15.0109 8.1435 -4.6475
v  15.3942 8.3996 -4.6475
v  15.0411 8.2704 -3.9434
v  15.6503 8.7829 -4.6475
v  15.4558 8.6546 -3.9114
v  15.0630 8.6546 -3.3380
v  14.5587 8.1435 -5.3076
v  14.5587 8.3996 -5.8671
v  15.0411 8.2704 -5.3517
v  14.5587 8.7829 -6.2410
v  15.0630 8.6546 -5.9571
v  15.4558 8.6546 -5.3837
v  14.0763 8.2704 -5.3517
v  13.6616 8.6546 -5.3837
v  14.0544 8.6546 -5.9571
v  15.3421 14.4776 24.8438
v  15.3421 14.4776 23.1596
v  14.5354 14.5396 23.1596
v  14.5354 14.5396 24.8438
v  15.1270 13.0846 24.8438
v  14.5354 13.1300 24.8438
v  14.9118 11.6915 24.8438
v  14.5354 11.7204 24.8438
v  14.6966 10.2985 24.8438
v  14.5354 10.3108 24.8438
v  14.6966 10.2985 23.1596
v  14.5354 10.3108 23.1596
v  14.9118 11.6915 22.3260
v  14.6966 10.2985 22.3260
v  14.5354 10.3108 22.3260
v  14.5354 11.7204 22.3260
v  15.1270 13.0846 23.1596
v  14.9118 11.6915 23.1596
v  14.5354 11.7204 23.1596
v  14.5354 13.1300 23.1596
v  16.1300 14.2933 24.8438
v  16.1300 14.2933 23.1596
v  15.7047 12.9494 24.8438
v  15.2794 11.6055 24.8438
v  14.8541 10.2616 24.8438
v  14.8541 10.2616 23.1596
v  15.2794 11.6055 22.3260
v  14.8541 10.2616 22.3260
v  15.7047 12.9494 23.1596
v  15.2794 11.6055 23.1596
v  16.8804 13.9908 24.8438
v  16.8804 13.9908 23.1596
v  16.2550 12.7276 24.8438
v  15.6295 11.4644 24.8438
v  15.0040 10.2012 24.8438
v  15.0040 10.2012 23.1596
v  15.6295 11.4644 22.3260
v  15.0040 10.2012 22.3260
v  16.2550 12.7276 23.1596
v  15.6295 11.4644 23.1596
v  17.5759 13.5774 24.8438
v  17.5759 13.5774 23.1596
v  16.7649 12.4244 24.8438
v  15.9540 11.2715 24.8438
v  15.1430 10.1185 24.8438
v  15.1430 10.1185 23.1596
v  15.9540 11.2715 22.3260
v  15.1430 10.1186 22.3260
v  16.7649 12.4244 23.1596
v  15.9540 11.2715 23.1596
v  18.2001 13.0626 24.8438
v  18.2001 13.0626 23.1596
v  17.2227 12.0469 24.8438
v  16.2452 11.0313 24.8438
v  15.2678 10.0157 24.8438
v  15.2678 10.0157 23.1596
v  16.2452 11.0313 22.3260
v  15.2678 10.0157 22.3260
v  17.2227 12.0469 23.1596
v  16.2452 11.0313 23.1596
v  18.7384 12.4585 24.8438
v  18.7384 12.4585 23.1596
v  17.6174 11.6040 24.8438
v  16.4964 10.7495 24.8438
v  15.3754 9.8950 24.8438
v  15.3754 9.8950 23.1596
v  16.4964 10.7495 22.3260
v  15.3754 9.8950 22.3260
v  17.6174 11.6040 23.1596
v  16.4964 10.7495 23.1596
v  19.1783 11.7794 24.8438
v  19.1783 11.7794 23.1596
v  17.9399 11.1060 24.8438
v  16.7016 10.4326 24.8438
v  15.4633 9.7592 24.8438
v  15.4633 9.7592 23.1596
v  16.7016 10.4326 22.3260
v  15.4633 9.7592 22.3260
v  17.9399 11.1060 23.1596
v  16.7016 10.4326 23.1596
v  19.5092 11.0411 24.8438
v  19.5092 11.0411 23.1596
v  18.1826 10.5646 24.8438
v  16.8560 10.0881 24.8438
v  15.5294 9.6117 24.8438
v  15.5294 9.6117 23.1596
v  16.8560 10.0881 22.3260
v  15.5294 9.6117 22.3260
v  18.1826 10.5646 23.1596
v  16.8560 10.0881 23.1596
v  19.7236 10.2609 24.8438
v  19.7236 10.2609 23.1596
v  18.3398 9.9925 24.8438
v  16.9560 9.7241 24.8438
v  15.5723 9.4558 24.8438
v  15.5723 9.4558 23.1596
v  16.9560 9.7241 22.3260
v  15.5723 9.4558 22.3260
v  18.3398 9.9925 23.1596
v  16.9560 9.7241 23.1596
v  19.8164 9.4571 24.8438
v  19.8164 9.4571 23.1596
v  18.4079 9.4031 24.8438
v  16.9993 9.3491 24.8438
v  15.5908 9.2951 24.8438
v  15.5908 9.2951 23.1596
v  16.9993 9.3491 22.3260
v  15.5908 9.2951 22.3260
v  18.4079 9.4031 23.1596
v  16.9993 9.3491 23.1596
v  19.7854 8.6486 24.8438
v  19.7854 8.6486 23.1596
v  18.3852 8.8102 24.8438
v  16.9849 8.9719 24.8438
v  15.5846 9.1335 24.8438
v  15.5846 9.1335 23.1596
v  16.9849 8.9719 22.3260
v  15.5846 9.1335 22.3260
v  18.3852 8.8102 23.1596
v  16.9849 8.9719 23.1596
v  19.6314 7.8543 24.8438
v  19.6314 7.8543 23.1596
v  18.2722 8.2278 24.8438
v  16.9130 8.6013 24.8438
v  15.5538 8.9748 24.8438
v  15.5538 8.9748 23.1596
v  16.9130 8.6013 22.3260
v  15.5538 8.9748 22.3260
v  18.2722 8.2278 23.1596
v  16.9130 8.6013 23.1596
v  19.3579 7.0928 24.8438
v  19.3579 7.0928 23.1596
v  18.0716 7.6694 24.8438
v  16.7854 8.2460 24.8438
v  15.4992 8.8226 24.8438
v  15.4992 8.8226 23.1596
v  16.7854 8.2460 22.3260
v  15.4992 8.8226 22.3260
v  18.0716 7.6694 23.1596
v  16.7854 8.2460 23.1596
v  18.9714 6.3820 24.8438
v  18.9714 6.3820 23.1596
v  17.7882 7.1482 24.8438
v  16.6051 7.9144 24.8438
v  15.4219 8.6806 24.8438
v  15.4219 8.6806 23.1596
v  16.6051 7.9144 22.3260
v  15.4219 8.6806 22.3260
v  17.7882 7.1482 23.1596
v  16.6051 7.9144 23.1596
v  18.4809 5.7385 24.8438
v  18.4809 5.7385 23.1596
v  17.4285 6.6763 24.8438
v  16.3762 7.6141 24.8438
v  15.3239 8.5520 24.8438
v  15.3239 8.5520 23.1596
v  16.3762 7.6141 22.3260
v  15.3239 8.5520 22.3260
v  17.4285 6.6763 23.1596
v  16.3762 7.6141 23.1596
v  17.8979 5.1774 24.8438
v  17.8979 5.1774 23.1596
v  17.0010 6.2649 24.8438
v  16.1042 7.3524 24.8438
v  15.2074 8.4398 24.8438
v  15.2074 8.4398 23.1596
v  16.1042 7.3524 22.3260
v  15.2074 8.4398 22.3260
v  17.0010 6.2649 23.1596
v  16.1042 7.3524 23.1596
v  17.2361 4.7119 24.8438
v  17.2361 4.7119 23.1596
v  16.5158 5.9236 24.8438
v  15.7954 7.1352 24.8438
v  15.0751 8.3468 24.8438
v  15.0751 8.3468 23.1596
v  15.7954 7.1352 22.3260
v  15.0751 8.3468 22.3260
v  16.5158 5.9236 23.1596
v  15.7954 7.1352 23.1596
v  16.5110 4.3529 24.8438
v  16.5110 4.3529 23.1596
v  15.9841 5.6603 24.8438
v  15.4571 6.9677 24.8438
v  14.9302 8.2751 24.8438
v  14.9302 8.2751 23.1596
v  15.4571 6.9677 22.3260
v  14.9302 8.2751 22.3260
v  15.9841 5.6603 23.1596
v  15.4571 6.9677 23.1596
v  15.7396 4.1088 24.8438
v  15.7396 4.1088 23.1596
v  15.4184 5.4813 24.8438
v  15.0972 6.8538 24.8438
v  14.7760 8.2263 24.8438
v  14.7760 8.2263 23.1596
v  15.0972 6.8538 22.3260
v  14.7760 8.2263 22.3260
v  15.4184 5.4813 23.1596
v  15.0972 6.8538 23.1596
v  14.9400 3.9853 24.8438
v  14.9400 3.9853 23.1596
v  14.8320 5.3907 24.8438
v  14.7241 6.7962 24.8438
v  14.6162 8.2016 24.8438
v  14.6162 8.2016 23.1596
v  14.7241 6.7962 22.3260
v  14.6162 8.2016 22.3260
v  14.8320 5.3907 23.1596
v  14.7241 6.7962 23.1596
v  14.1308 3.9853 24.8438
v  14.1308 3.9853 23.1596
v  14.2387 5.3907 24.8438
v  14.3466 6.7962 24.8438
v  14.4545 8.2016 24.8438
v  14.4545 8.2016 23.1596
v  14.3466 6.7962 22.3260
v  14.4545 8.2016 22.3260
v  14.2387 5.3907 23.1596
v  14.3466 6.7962 23.1596
v  13.3312 4.1088 24.8438
v  13.3312 4.1088 23.1596
v  13.6524 5.4813 24.8438
v  13.9736 6.8538 24.8438
v  14.2947 8.2263 24.8438
v  14.2947 8.2263 23.1596
v  13.9736 6.8538 22.3260
v  14.2947 8.2263 22.3260
v  13.6524 5.4813 23.1596
v  13.9736 6.8538 23.1596
v  12.5598 4.3529 24.8438
v  12.5598 4.3529 23.1596
v  13.0867 5.6603 24.8438
v  13.6137 6.9677 24.8438
v  14.1406 8.2751 24.8438
v  14.1406 8.2751 23.1596
v  13.6137 6.9677 22.3260
v  14.1406 8.2751 22.3260
v  13.0867 5.6603 23.1596
v  13.6137 6.9677 23.1596
v  11.8347 4.7119 24.8438
v  11.8347 4.7119 23.1596
v  12.5550 5.9236 24.8438
v  13.2753 7.1352 24.8438
v  13.9957 8.3468 24.8438
v  13.9957 8.3468 23.1596
v  13.2753 7.1352 22.3260
v  13.9957 8.3468 22.3260
v  12.5550 5.9236 23.1596
v  13.2753 7.1352 23.1596
v  11.1729 5.1774 24.8438
v  11.1729 5.1774 23.1596
v  12.0697 6.2649 24.8438
v  12.9666 7.3524 24.8438
v  13.8634 8.4398 24.8438
v  13.8634 8.4398 23.1596
v  12.9666 7.3524 22.3260
v  13.8634 8.4398 22.3260
v  12.0697 6.2649 23.1596
v  12.9666 7.3524 23.1596
v  10.5899 5.7385 24.8438
v  10.5899 5.7385 23.1596
v  11.6423 6.6763 24.8438
v  12.6946 7.6141 24.8438
v  13.7469 8.5520 24.8438
v  13.7469 8.5520 23.1596
v  12.6946 7.6141 22.3260
v  13.7469 8.5520 22.3260
v  11.6423 6.6763 23.1596
v  12.6946 7.6141 23.1596
v  10.0994 6.3820 24.8438
v  10.0994 6.3820 23.1596
v  11.2826 7.1482 24.8438
v  12.4657 7.9144 24.8438
v  13.6489 8.6806 24.8438
v  13.6489 8.6806 23.1596
v  12.4657 7.9144 22.3260
v  13.6489 8.6806 22.3260
v  11.2826 7.1482 23.1596
v  12.4657 7.9144 23.1596
v  9.7129 7.0928 24.8438
v  9.7129 7.0928 23.1596
v  10.9991 7.6694 24.8438
v  12.2854 8.2460 24.8438
v  13.5716 8.8226 24.8438
v  13.5716 8.8226 23.1596
v  12.2854 8.2460 22.3260
v  13.5716 8.8226 22.3260
v  10.9991 7.6694 23.1596
v  12.2854 8.2460 23.1596
v  9.4394 7.8543 24.8438
v  9.4394 7.8543 23.1596
v  10.7986 8.2278 24.8438
v  12.1578 8.6013 24.8438
v  13.5170 8.9748 24.8438
v  13.5170 8.9748 23.1596
v  12.1578 8.6013 22.3260
v  13.5170 8.9748 22.3260
v  10.7986 8.2278 23.1596
v  12.1578 8.6013 23.1596
v  9.2854 8.6486 24.8438
v  9.2854 8.6486 23.1596
v  10.6856 8.8102 24.8438
v  12.0859 8.9719 24.8438
v  13.4862 9.1335 24.8438
v  13.4862 9.1335 23.1596
v  12.0859 8.9719 22.3260
v  13.4862 9.1335 22.3260
v  10.6856 8.8102 23.1596
v  12.0859 8.9719 23.1596
v  9.2544 9.4571 24.8438
v  9.2544 9.4571 23.1596
v  10.6629 9.4031 24.8438
v  12.0714 9.3491 24.8438
v  13.4800 9.2951 24.8438
v  13.4800 9.2951 23.1596
v  12.0714 9.3491 22.3260
v  13.4800 9.2951 22.3260
v  10.6629 9.4031 23.1596
v  12.0714 9.3491 23.1596
v  9.3472 10.2609 24.8438
v  9.3472 10.2609 23.1596
v  10.7309 9.9925 24.8438
v  12.1147 9.7241 24.8438
v  13.4985 9.4558 24.8438
v  13.4985 9.4558 23.1596
v  12.1147 9.7241 22.3260
v  13.4985 9.4558 22.3260
v  10.7309 9.9925 23.1596
v  12.1147 9.7241 23.1596
v  9.5616 11.0411 24.8438
v  9.5616 11.0411 23.1596
v  10.8882 10.5646 24.8438
v  12.2148 10.0881 24.8438
v  13.5414 9.6117 24.8438
v  13.5414 9.6117 23.1596
v  12.2148 10.0881 22.3260
v  13.5414 9.6117 22.3260
v  10.8882 10.5646 23.1596
v  12.2148 10.0881 23.1596
v  9.8925 11.7794 24.8438
v  9.8925 11.7794 23.1596
v  11.1309 11.1060 24.8438
v  12.3692 10.4326 24.8438
v  13.6075 9.7592 24.8438
v  13.6075 9.7592 23.1596
v  12.3692 10.4326 22.3260
v  13.6075 9.7592 22.3260
v  11.1309 11.1060 23.1596
v  12.3692 10.4326 23.1596
v  10.3323 12.4585 24.8438
v  10.3323 12.4585 23.1596
v  11.4534 11.6040 24.8438
v  12.5744 10.7495 24.8438
v  13.6954 9.8950 24.8438
v  13.6954 9.8950 23.1596
v  12.5744 10.7495 22.3260
v  13.6954 9.8950 22.3260
v  11.4534 11.6040 23.1596
v  12.5744 10.7495 23.1596
v  10.8707 13.0626 24.8438
v  10.8707 13.0626 23.1596
v  11.8481 12.0469 24.8438
v  12.8256 11.0313 24.8438
v  13.8030 10.0157 24.8438
v  13.8030 10.0157 23.1596
v  12.8256 11.0313 22.3260
v  13.8030 10.0157 22.3260
v  11.8481 12.0469 23.1596
v  12.8256 11.0313 23.1596
v  11.4949 13.5774 24.8438
v  11.4949 13.5774 23.1596
v  12.3058 12.4244 24.8438
v  13.1168 11.2715 24.8438
v  13.9278 10.1185 24.8438
v  13.9278 10.1185 23.1596
v  13.1168 11.2715 22.3260
v  13.9278 10.1185 22.3260
v  12.3058 12.4244 23.1596
v  13.1168 11.2715 23.1596
v  12.1904 13.9908 24.8438
v  12.1904 13.9908 23.1596
v  12.8158 12.7276 24.8438
v  13.4413 11.4644 24.8438
v  14.0667 10.2012 24.8438
v  14.0667 10.2012 23.1596
v  13.4413 11.4644 22.3260
v  14.0667 10.2012 22.3260
v  12.8158 12.7276 23.1596
v  13.4413 11.4644 23.1596
v  12.9408 14.2933 24.8438
v  12.9408 14.2933 23.1596
v  13.3661 12.9494 24.8438
v  13.7914 11.6055 24.8438
v  14.2167 10.2616 24.8438
v  14.2167 10.2616 23.1596
v  13.7914 11.6055 22.3260
v  14.2167 10.2616 22.3260
v  13.3661 12.9494 23.1596
v  13.7914 11.6055 23.1596
v  13.7286 14.4776 24.8438
v  13.7286 14.4776 23.1596
v  13.9438 13.0846 24.8438
v  14.1590 11.6915 24.8438
v  14.3742 10.2985 24.8438
v  14.3742 10.2985 23.1596
v  14.1590 11.6915 22.3260
v  14.3742 10.2985 22.3260
v  13.9438 13.0846 23.1596
v  14.1590 11.6915 23.1596
v  -16.0699 14.4776 -5.3850
v  -16.0699 14.4776 -3.7009
v  -15.2632 14.5396 -3.7009
v  -15.2632 14.5396 -5.3850
v  -15.8547 13.0846 -5.3850
v  -15.2632 13.1300 -5.3850
v  -15.6396 11.6915 -5.3850
v  -15.2632 11.7204 -5.3850
v  -15.4244 10.2985 -5.3850
v  -15.2632 10.3108 -5.3850
v  -15.6396 11.6915 -2.9700
v  -15.4244 10.2985 -2.9700
v  -15.2632 10.3108 -2.9700
v  -15.2632 11.7204 -2.9700
v  -15.8547 13.0846 -3.7009
v  -15.6396 11.6915 -3.7009
v  -15.2632 11.7204 -3.7009
v  -15.2632 13.1300 -3.7009
v  -16.8577 14.2933 -5.3850
v  -16.8577 14.2933 -3.7009
v  -16.4324 12.9494 -5.3850
v  -16.0071 11.6055 -5.3850
v  -15.5818 10.2616 -5.3850
v  -16.0071 11.6055 -2.9700
v  -15.5818 10.2616 -2.9700
v  -16.4324 12.9494 -3.7009
v  -16.0071 11.6055 -3.7009
v  -17.6082 13.9908 -5.3850
v  -17.6082 13.9908 -3.7009
v  -16.9827 12.7276 -5.3850
v  -16.3573 11.4644 -5.3850
v  -15.7318 10.2012 -5.3850
v  -16.3573 11.4644 -2.9700
v  -15.7318 10.2012 -2.9700
v  -16.9827 12.7276 -3.7009
v  -16.3573 11.4644 -3.7009
v  -18.3037 13.5774 -5.3850
v  -18.3037 13.5774 -3.7009
v  -17.4927 12.4244 -5.3850
v  -16.6818 11.2715 -5.3850
v  -15.8708 10.1185 -5.3850
v  -15.8708 10.1185 -3.7009
v  -15.7318 10.2012 -3.7009
v  -16.6818 11.2715 -2.9700
v  -15.8708 10.1185 -2.9700
v  -17.4927 12.4244 -3.7009
v  -16.6818 11.2715 -3.7009
v  -18.9279 13.0626 -5.3850
v  -18.9279 13.0626 -3.7009
v  -17.9505 12.0469 -5.3850
v  -16.9730 11.0313 -5.3850
v  -15.9956 10.0157 -5.3850
v  -15.9956 10.0157 -3.7009
v  -16.9730 11.0313 -2.9700
v  -15.9956 10.0157 -2.9700
v  -17.9505 12.0469 -3.7009
v  -16.9730 11.0313 -3.7009
v  -19.4662 12.4585 -5.3850
v  -19.4662 12.4585 -3.7009
v  -18.3452 11.6040 -5.3850
v  -17.2242 10.7495 -5.3850
v  -16.1031 9.8950 -5.3850
v  -16.1031 9.8950 -3.7009
v  -17.2242 10.7495 -2.9700
v  -16.1031 9.8950 -2.9700
v  -18.3452 11.6040 -3.7009
v  -17.2242 10.7495 -3.7009
v  -19.9060 11.7794 -5.3850
v  -19.9060 11.7794 -3.7009
v  -18.6677 11.1060 -5.3850
v  -17.4294 10.4326 -5.3850
v  -16.1910 9.7592 -5.3850
v  -16.1910 9.7592 -3.7009
v  -17.4294 10.4326 -2.9700
v  -16.1910 9.7592 -2.9700
v  -18.6677 11.1060 -3.7009
v  -17.4294 10.4326 -3.7009
v  -20.2370 11.0411 -5.3850
v  -20.2370 11.0411 -3.7009
v  -18.9104 10.5646 -5.3850
v  -17.5838 10.0881 -5.3850
v  -16.2572 9.6117 -5.3850
v  -16.2572 9.6117 -3.7009
v  -17.5838 10.0881 -2.9700
v  -16.2572 9.6117 -2.9700
v  -18.9104 10.5646 -3.7009
v  -17.5838 10.0881 -3.7009
v  -20.4514 10.2609 -5.3850
v  -20.4514 10.2609 -3.7009
v  -19.0676 9.9925 -5.3850
v  -17.6838 9.7241 -5.3850
v  -16.3000 9.4558 -5.3850
v  -16.3000 9.4558 -3.7009
v  -17.6838 9.7241 -2.9700
v  -16.3000 9.4558 -2.9700
v  -19.0676 9.9925 -3.7009
v  -17.6838 9.7241 -3.7009
v  -20.5442 9.4571 -5.3850
v  -20.5442 9.4571 -3.7009
v  -19.1357 9.4031 -5.3850
v  -17.7271 9.3491 -5.3850
v  -16.3186 9.2951 -5.3850
v  -16.3186 9.2951 -3.7009
v  -17.7271 9.3491 -2.9700
v  -16.3186 9.2951 -2.9700
v  -19.1357 9.4031 -3.7009
v  -17.7271 9.3491 -3.7009
v  -20.5132 8.6486 -5.3850
v  -20.5132 8.6486 -3.7009
v  -19.1129 8.8102 -5.3850
v  -17.7127 8.9719 -5.3850
v  -16.3124 9.1335 -5.3850
v  -16.3124 9.1335 -3.7009
v  -17.7127 8.9719 -2.9700
v  -16.3124 9.1335 -2.9700
v  -19.1129 8.8102 -3.7009
v  -17.7127 8.9719 -3.7009
v  -20.3592 7.8543 -5.3850
v  -20.3592 7.8543 -3.7009
v  -19.0000 8.2278 -5.3850
v  -17.6408 8.6013 -5.3850
v  -16.2816 8.9748 -5.3850
v  -16.2816 8.9748 -3.7009
v  -17.6408 8.6013 -2.9700
v  -16.2816 8.9748 -2.9700
v  -19.0000 8.2278 -3.7009
v  -17.6408 8.6013 -3.7009
v  -20.0857 7.0928 -5.3850
v  -20.0857 7.0928 -3.7009
v  -18.7994 7.6694 -5.3850
v  -17.5132 8.2460 -5.3850
v  -16.2269 8.8226 -5.3850
v  -16.2269 8.8226 -3.7009
v  -17.5132 8.2460 -2.9700
v  -16.2269 8.8226 -2.9700
v  -18.7994 7.6694 -3.7009
v  -17.5132 8.2460 -3.7009
v  -19.6991 6.3820 -5.3850
v  -19.6991 6.3820 -3.7009
v  -18.5160 7.1482 -5.3850
v  -17.3328 7.9144 -5.3850
v  -16.1497 8.6806 -5.3850
v  -16.1497 8.6806 -3.7009
v  -17.3328 7.9144 -2.9700
v  -16.1497 8.6806 -2.9700
v  -18.5160 7.1482 -3.7009
v  -17.3328 7.9144 -3.7009
v  -19.2086 5.7385 -5.3850
v  -19.2086 5.7385 -3.7009
v  -18.1563 6.6763 -5.3850
v  -17.1040 7.6141 -5.3850
v  -16.0517 8.5520 -5.3850
v  -16.0517 8.5520 -3.7009
v  -17.1040 7.6141 -2.9700
v  -16.0517 8.5520 -2.9700
v  -18.1563 6.6763 -3.7009
v  -17.1040 7.6141 -3.7009
v  -18.6257 5.1774 -5.3850
v  -18.6257 5.1774 -3.7009
v  -17.7288 6.2649 -5.3850
v  -16.8320 7.3524 -5.3850
v  -15.9352 8.4398 -5.3850
v  -15.9352 8.4398 -3.7009
v  -16.8320 7.3524 -2.9700
v  -15.9352 8.4398 -2.9700
v  -17.7288 6.2649 -3.7009
v  -16.8320 7.3524 -3.7009
v  -17.9639 4.7119 -5.3850
v  -17.9639 4.7119 -3.7009
v  -17.2435 5.9236 -5.3850
v  -16.5232 7.1352 -5.3850
v  -15.8029 8.3468 -5.3850
v  -15.8029 8.3468 -3.7009
v  -16.5232 7.1352 -2.9700
v  -15.8029 8.3468 -2.9700
v  -17.2435 5.9236 -3.7009
v  -16.5232 7.1352 -3.7009
v  -17.2388 4.3529 -5.3850
v  -17.2388 4.3529 -3.7009
v  -16.7118 5.6603 -5.3850
v  -16.1849 6.9677 -5.3850
v  -15.6580 8.2751 -5.3850
v  -15.6580 8.2751 -3.7009
v  -16.1849 6.9677 -2.9700
v  -15.6580 8.2751 -2.9700
v  -16.7118 5.6603 -3.7009
v  -16.1849 6.9677 -3.7009
v  -16.4674 4.1088 -5.3850
v  -16.4674 4.1088 -3.7009
v  -16.1462 5.4813 -5.3850
v  -15.8250 6.8538 -5.3850
v  -15.5038 8.2263 -5.3850
v  -15.5038 8.2263 -3.7009
v  -15.8250 6.8538 -2.9700
v  -15.5038 8.2263 -2.9700
v  -16.1462 5.4813 -3.7009
v  -15.8250 6.8538 -3.7009
v  -15.6677 3.9853 -5.3850
v  -15.6677 3.9853 -3.7009
v  -15.5598 5.3907 -5.3850
v  -15.4519 6.7962 -5.3850
v  -15.3440 8.2016 -5.3850
v  -15.3440 8.2016 -3.7009
v  -15.4519 6.7962 -2.9700
v  -15.3440 8.2016 -2.9700
v  -15.5598 5.3907 -3.7009
v  -15.4519 6.7962 -3.7009
v  -14.8586 3.9853 -5.3850
v  -14.8586 3.9853 -3.7009
v  -14.9665 5.3907 -5.3850
v  -15.0744 6.7962 -5.3850
v  -15.1823 8.2016 -5.3850
v  -15.1823 8.2016 -3.7009
v  -15.0744 6.7962 -2.9700
v  -15.1823 8.2016 -2.9700
v  -14.9665 5.3907 -3.7009
v  -15.0744 6.7962 -3.7009
v  -14.0590 4.1088 -5.3850
v  -14.0590 4.1088 -3.7009
v  -14.3802 5.4813 -5.3850
v  -14.7013 6.8538 -5.3850
v  -15.0225 8.2263 -5.3850
v  -15.0225 8.2263 -3.7009
v  -14.7013 6.8538 -2.9700
v  -15.0225 8.2263 -2.9700
v  -14.3802 5.4813 -3.7009
v  -14.7013 6.8538 -3.7009
v  -13.2876 4.3529 -5.3850
v  -13.2876 4.3529 -3.7009
v  -13.8145 5.6603 -5.3850
v  -14.3414 6.9677 -5.3850
v  -14.8684 8.2751 -5.3850
v  -14.3414 6.9677 -2.9700
v  -14.8684 8.2751 -2.9700
v  -13.8145 5.6603 -3.7009
v  -14.3414 6.9677 -3.7009
v  -12.5625 4.7119 -5.3850
v  -12.5625 4.7119 -3.7009
v  -13.2828 5.9236 -5.3850
v  -14.0031 7.1352 -5.3850
v  -14.7235 8.3468 -5.3850
v  -14.0031 7.1352 -2.9700
v  -14.7235 8.3468 -2.9700
v  -13.2828 5.9236 -3.7009
v  -14.0031 7.1352 -3.7009
v  -11.9007 5.1774 -5.3850
v  -11.9007 5.1774 -3.7009
v  -12.7975 6.2649 -5.3850
v  -13.6944 7.3524 -5.3850
v  -14.5912 8.4398 -5.3850
v  -13.6944 7.3524 -2.9700
v  -14.5912 8.4398 -2.9700
v  -12.7975 6.2649 -3.7009
v  -13.6944 7.3524 -3.7009
v  -11.3177 5.7385 -5.3850
v  -11.3177 5.7385 -3.7009
v  -12.3700 6.6763 -5.3850
v  -13.4224 7.6141 -5.3850
v  -14.4747 8.5520 -5.3850
v  -13.4224 7.6141 -2.9700
v  -14.4747 8.5520 -2.9700
v  -12.3700 6.6763 -3.7009
v  -13.4224 7.6141 -3.7009
v  -10.8272 6.3820 -5.3850
v  -10.8272 6.3820 -3.7009
v  -12.0104 7.1482 -5.3850
v  -13.1935 7.9144 -5.3850
v  -14.3767 8.6806 -5.3850
v  -13.1935 7.9144 -2.9700
v  -14.3767 8.6806 -2.9700
v  -12.0104 7.1482 -3.7009
v  -13.1935 7.9144 -3.7009
v  -10.4407 7.0928 -5.3850
v  -10.4407 7.0928 -3.7009
v  -11.7269 7.6694 -5.3850
v  -13.0132 8.2460 -5.3850
v  -14.2994 8.8226 -5.3850
v  -13.0132 8.2460 -2.9700
v  -14.2994 8.8226 -2.9700
v  -11.7269 7.6694 -3.7009
v  -13.0132 8.2460 -3.7009
v  -10.1672 7.8543 -5.3850
v  -10.1672 7.8543 -3.7009
v  -11.5264 8.2278 -5.3850
v  -12.8856 8.6013 -5.3850
v  -14.2448 8.9748 -5.3850
v  -12.8856 8.6013 -2.9700
v  -14.2448 8.9748 -2.9700
v  -11.5264 8.2278 -3.7009
v  -12.8856 8.6013 -3.7009
v  -10.0131 8.6486 -5.3850
v  -10.0131 8.6486 -3.7009
v  -11.4134 8.8102 -5.3850
v  -12.8137 8.9719 -5.3850
v  -14.2140 9.1335 -5.3850
v  -12.8137 8.9719 -2.9700
v  -14.2140 9.1335 -2.9700
v  -11.4134 8.8102 -3.7009
v  -12.8137 8.9719 -3.7009
v  -9.9821 9.4571 -5.3850
v  -9.9821 9.4571 -3.7009
v  -11.3907 9.4031 -5.3850
v  -12.7992 9.3491 -5.3850
v  -14.2078 9.2951 -5.3850
v  -12.7992 9.3491 -2.9700
v  -14.2078 9.2951 -2.9700
v  -11.3907 9.4031 -3.7009
v  -12.7992 9.3491 -3.7009
v  -10.0749 10.2609 -5.3850
v  -10.0749 10.2609 -3.7009
v  -11.4587 9.9925 -5.3850
v  -12.8425 9.7241 -5.3850
v  -14.2263 9.4558 -5.3850
v  -12.8425 9.7241 -2.9700
v  -14.2263 9.4558 -2.9700
v  -11.4587 9.9925 -3.7009
v  -12.8425 9.7241 -3.7009
v  -10.2893 11.0411 -5.3850
v  -10.2893 11.0411 -3.7009
v  -11.6159 10.5646 -5.3850
v  -12.9426 10.0881 -5.3850
v  -14.2692 9.6117 -5.3850
v  -12.9426 10.0881 -2.9700
v  -14.2692 9.6117 -2.9700
v  -11.6159 10.5646 -3.7009
v  -12.9426 10.0881 -3.7009
v  -10.6203 11.7794 -5.3850
v  -10.6203 11.7794 -3.7009
v  -11.8586 11.1060 -5.3850
v  -13.0970 10.4326 -5.3850
v  -14.3353 9.7592 -5.3850
v  -13.0970 10.4326 -2.9700
v  -14.3353 9.7592 -2.9700
v  -11.8586 11.1060 -3.7009
v  -13.0970 10.4326 -3.7009
v  -11.0601 12.4585 -5.3850
v  -11.0601 12.4585 -3.7009
v  -12.1812 11.6040 -5.3850
v  -13.3022 10.7495 -5.3850
v  -14.4232 9.8950 -5.3850
v  -13.3022 10.7495 -2.9700
v  -14.4232 9.8950 -2.9700
v  -12.1812 11.6040 -3.7009
v  -13.3022 10.7495 -3.7009
v  -11.5984 13.0626 -5.3850
v  -11.5984 13.0626 -3.7009
v  -12.5759 12.0469 -5.3850
v  -13.5533 11.0313 -5.3850
v  -14.5308 10.0157 -5.3850
v  -13.5533 11.0313 -2.9700
v  -14.5308 10.0157 -2.9700
v  -12.5759 12.0469 -3.7009
v  -13.5533 11.0313 -3.7009
v  -12.2227 13.5773 -5.3850
v  -12.2227 13.5773 -3.7009
v  -13.0336 12.4244 -5.3850
v  -13.8446 11.2715 -5.3850
v  -14.6555 10.1185 -5.3850
v  -13.8446 11.2715 -2.9700
v  -14.6555 10.1185 -2.9700
v  -13.0336 12.4244 -3.7009
v  -13.8446 11.2715 -3.7009
v  -12.9182 13.9908 -5.3850
v  -12.9182 13.9908 -3.7009
v  -13.5436 12.7276 -5.3850
v  -14.1691 11.4644 -5.3850
v  -14.7945 10.2012 -5.3850
v  -14.1691 11.4644 -2.9700
v  -14.7945 10.2012 -2.9700
v  -13.5436 12.7276 -3.7009
v  -14.1691 11.4644 -3.7009
v  -13.6686 14.2933 -5.3850
v  -13.6686 14.2933 -3.7009
v  -14.0939 12.9494 -5.3850
v  -14.5192 11.6055 -5.3850
v  -14.9445 10.2616 -5.3850
v  -14.5192 11.6055 -2.9700
v  -14.9445 10.2616 -2.9700
v  -14.0939 12.9494 -3.7009
v  -14.5192 11.6055 -3.7009
v  -14.4564 14.4776 -5.3850
v  -14.4564 14.4776 -3.7009
v  -14.6716 13.0846 -5.3850
v  -14.8868 11.6915 -5.3850
v  -15.1020 10.2985 -5.3850
v  -14.8868 11.6915 -2.9700
v  -15.1020 10.2985 -2.9700
v  -14.6716 13.0846 -3.7009
v  -14.8868 11.6915 -3.7009
v  -15.4244 10.2985 -3.7009
v  -15.2632 10.3108 -3.7009
v  -15.1020 10.2985 -3.7009
v  -14.9445 10.2616 -3.7009
v  -14.7945 10.2012 -3.7009
v  -14.6555 10.1185 -3.7009
v  -14.5308 10.0157 -3.7009
v  -14.4232 9.8950 -3.7009
v  -14.3353 9.7592 -3.7009
v  -14.2692 9.6117 -3.7009
v  -14.2263 9.4558 -3.7009
v  -14.2078 9.2951 -3.7009
v  -14.2140 9.1335 -3.7009
v  -14.2448 8.9748 -3.7009
v  -14.2994 8.8226 -3.7009
v  -14.3767 8.6806 -3.7009
v  -14.4747 8.5520 -3.7009
v  -14.5912 8.4398 -3.7009
v  -14.7235 8.3468 -3.7009
v  -14.8684 8.2751 -3.7009
v  -15.5818 10.2616 -3.7009
v  13.7704 14.4776 -5.3850
v  13.7704 14.4776 -3.7009
v  14.5771 14.5396 -3.7009
v  14.5771 14.5396 -5.3850
v  13.9856 13.0846 -5.3850
v  14.5771 13.1300 -5.3850
v  14.2007 11.6915 -5.3850
v  14.5771 11.7204 -5.3850
v  14.4159 10.2985 -5.3850
v  14.5771 10.3108 -5.3850
v  14.4159 10.2985 -3.7009
v  14.5771 10.3108 -3.7009
v  14.2007 11.6915 -3.0793
v  14.4159 10.2985 -3.0793
v  14.5771 10.3108 -3.0793
v  14.5771 11.7204 -3.0793
v  13.9856 13.0846 -3.7009
v  14.2007 11.6915 -3.7009
v  14.5771 11.7204 -3.7009
v  14.5771 13.1300 -3.7009
v  12.9826 14.2933 -5.3850
v  12.9826 14.2933 -3.7009
v  13.4079 12.9494 -5.3850
v  13.8332 11.6055 -5.3850
v  14.2585 10.2616 -5.3850
v  14.2585 10.2616 -3.7009
v  13.8332 11.6055 -3.0793
v  14.2585 10.2616 -3.0793
v  13.4079 12.9494 -3.7009
v  13.8332 11.6055 -3.7009
v  12.2321 13.9908 -5.3850
v  12.2321 13.9908 -3.7009
v  12.8576 12.7276 -5.3850
v  13.4830 11.4644 -5.3850
v  14.1085 10.2012 -5.3850
v  14.1085 10.2012 -3.7009
v  13.4830 11.4644 -3.0793
v  14.1085 10.2012 -3.0793
v  12.8576 12.7276 -3.7009
v  13.4830 11.4644 -3.7009
v  11.5366 13.5774 -5.3850
v  11.5366 13.5774 -3.7009
v  12.3476 12.4244 -5.3850
v  13.1585 11.2715 -5.3850
v  13.9695 10.1185 -5.3850
v  13.9695 10.1185 -3.7009
v  13.1585 11.2715 -3.0793
v  13.9695 10.1185 -3.0793
v  12.3476 12.4244 -3.7009
v  13.1585 11.2715 -3.7009
v  10.9124 13.0626 -5.3850
v  10.9124 13.0626 -3.7009
v  11.8898 12.0469 -5.3850
v  12.8673 11.0313 -5.3850
v  13.8447 10.0157 -5.3850
v  13.8447 10.0157 -3.7009
v  12.8673 11.0313 -3.0793
v  13.8447 10.0157 -3.0793
v  11.8898 12.0469 -3.7009
v  12.8673 11.0313 -3.7009
v  10.3741 12.4585 -5.3850
v  10.3741 12.4585 -3.7009
v  11.4951 11.6040 -5.3850
v  12.6161 10.7495 -5.3850
v  13.7372 9.8950 -5.3850
v  13.7372 9.8950 -3.7009
v  12.6161 10.7495 -3.0793
v  13.7372 9.8950 -3.0793
v  11.4951 11.6040 -3.7009
v  12.6161 10.7495 -3.7009
v  9.9343 11.7794 -5.3850
v  9.9343 11.7794 -3.7009
v  11.1726 11.1060 -5.3850
v  12.4109 10.4326 -5.3850
v  13.6493 9.7592 -5.3850
v  13.6493 9.7592 -3.7009
v  12.4109 10.4326 -3.0793
v  13.6493 9.7592 -3.0793
v  11.1726 11.1060 -3.7009
v  12.4109 10.4326 -3.7009
v  9.6033 11.0411 -5.3850
v  9.6033 11.0411 -3.7009
v  10.9299 10.5646 -5.3850
v  12.2565 10.0881 -5.3850
v  13.5831 9.6117 -5.3850
v  13.5831 9.6117 -3.7009
v  12.2565 10.0881 -3.0793
v  13.5831 9.6117 -3.0793
v  10.9299 10.5646 -3.7009
v  12.2565 10.0881 -3.7009
v  9.3889 10.2609 -5.3850
v  9.3889 10.2609 -3.7009
v  10.7727 9.9925 -5.3850
v  12.1565 9.7241 -5.3850
v  13.5403 9.4558 -5.3850
v  13.5403 9.4558 -3.7009
v  12.1565 9.7241 -3.0793
v  13.5403 9.4558 -3.0793
v  10.7727 9.9925 -3.7009
v  12.1565 9.7241 -3.7009
v  9.2961 9.4571 -5.3850
v  9.2961 9.4571 -3.7009
v  10.7046 9.4031 -5.3850
v  12.1132 9.3491 -5.3850
v  13.5217 9.2951 -5.3850
v  13.5217 9.2951 -3.7009
v  12.1132 9.3491 -3.0793
v  13.5217 9.2951 -3.0793
v  10.7046 9.4031 -3.7009
v  12.1132 9.3491 -3.7009
v  9.3271 8.6486 -5.3850
v  9.3271 8.6486 -3.7009
v  10.7274 8.8102 -5.3850
v  12.1276 8.9719 -5.3850
v  13.5279 9.1335 -5.3850
v  13.5279 9.1335 -3.7009
v  12.1276 8.9719 -3.0793
v  13.5279 9.1335 -3.0793
v  10.7274 8.8102 -3.7009
v  12.1276 8.9719 -3.7009
v  9.4811 7.8543 -5.3850
v  9.4811 7.8543 -3.7009
v  10.8403 8.2278 -5.3850
v  12.1995 8.6013 -5.3850
v  13.5587 8.9748 -5.3850
v  13.5587 8.9748 -3.7009
v  12.1995 8.6013 -3.0793
v  13.5587 8.9748 -3.0793
v  10.8403 8.2278 -3.7009
v  12.1995 8.6013 -3.7009
v  9.7546 7.0928 -5.3850
v  9.7546 7.0928 -3.7009
v  11.0409 7.6694 -5.3850
v  12.3271 8.2460 -5.3850
v  13.6134 8.8226 -5.3850
v  13.6134 8.8226 -3.7009
v  12.3271 8.2460 -3.0793
v  13.6134 8.8226 -3.0793
v  11.0409 7.6694 -3.7009
v  12.3271 8.2460 -3.7009
v  10.1412 6.3820 -5.3850
v  10.1412 6.3820 -3.7009
v  11.3243 7.1482 -5.3850
v  12.5075 7.9144 -5.3850
v  13.6906 8.6806 -5.3850
v  13.6906 8.6806 -3.7009
v  12.5075 7.9144 -3.0793
v  13.6906 8.6806 -3.0793
v  11.3243 7.1482 -3.7009
v  12.5075 7.9144 -3.7009
v  10.6317 5.7385 -5.3850
v  10.6317 5.7385 -3.7009
v  11.6840 6.6763 -5.3850
v  12.7363 7.6141 -5.3850
v  13.7886 8.5520 -5.3850
v  13.7886 8.5520 -3.7009
v  12.7363 7.6141 -3.0793
v  13.7886 8.5520 -3.0793
v  11.6840 6.6763 -3.7009
v  12.7363 7.6141 -3.7009
v  11.2146 5.1774 -5.3850
v  11.2146 5.1774 -3.7009
v  12.1115 6.2649 -5.3850
v  13.0083 7.3524 -5.3850
v  13.9051 8.4398 -5.3850
v  13.9051 8.4398 -3.7009
v  13.0083 7.3524 -3.0793
v  13.9051 8.4398 -3.0793
v  12.1115 6.2649 -3.7009
v  13.0083 7.3524 -3.7009
v  11.8764 4.7119 -5.3850
v  11.8764 4.7119 -3.7009
v  12.5968 5.9236 -5.3850
v  13.3171 7.1352 -5.3850
v  14.0374 8.3468 -5.3850
v  14.0374 8.3468 -3.7009
v  13.3171 7.1352 -3.0793
v  14.0374 8.3468 -3.0793
v  12.5968 5.9236 -3.7009
v  13.3171 7.1352 -3.7009
v  12.6015 4.3529 -5.3850
v  12.6015 4.3529 -3.7009
v  13.1285 5.6603 -5.3850
v  13.6554 6.9677 -5.3850
v  14.1823 8.2751 -5.3850
v  14.1823 8.2751 -3.7009
v  13.6554 6.9677 -3.0793
v  14.1823 8.2751 -3.0793
v  13.1285 5.6603 -3.7009
v  13.6554 6.9677 -3.7009
v  13.3729 4.1088 -5.3850
v  13.3729 4.1088 -3.7009
v  13.6941 5.4813 -5.3850
v  14.0153 6.8538 -5.3850
v  14.3365 8.2263 -5.3850
v  14.3365 8.2263 -3.7009
v  14.0153 6.8538 -3.0793
v  14.3365 8.2263 -3.0793
v  13.6941 5.4813 -3.7009
v  14.0153 6.8538 -3.7009
v  14.1726 3.9853 -5.3850
v  14.1726 3.9853 -3.7009
v  14.2805 5.3907 -5.3850
v  14.3884 6.7962 -5.3850
v  14.4963 8.2016 -5.3850
v  14.4963 8.2016 -3.7009
v  14.3884 6.7962 -3.0793
v  14.4963 8.2016 -3.0793
v  14.2805 5.3907 -3.7009
v  14.3884 6.7962 -3.7009
v  14.9817 3.9853 -5.3850
v  14.9817 3.9853 -3.7009
v  14.8738 5.3907 -5.3850
v  14.7659 6.7962 -5.3850
v  14.6580 8.2016 -5.3850
v  14.6580 8.2016 -3.7009
v  14.7659 6.7962 -3.0793
v  14.6580 8.2016 -3.0793
v  14.8738 5.3907 -3.7009
v  14.7659 6.7962 -3.7009
v  15.7813 4.1088 -5.3850
v  15.7813 4.1088 -3.7009
v  15.4601 5.4813 -5.3850
v  15.1390 6.8538 -5.3850
v  14.8178 8.2263 -5.3850
v  14.8178 8.2263 -3.7009
v  15.1390 6.8538 -3.0793
v  14.8178 8.2263 -3.0793
v  15.4601 5.4813 -3.7009
v  15.1390 6.8538 -3.7009
v  16.5527 4.3529 -5.3850
v  16.5527 4.3529 -3.7009
v  16.0258 5.6603 -5.3850
v  15.4989 6.9677 -5.3850
v  14.9719 8.2751 -5.3850
v  14.9719 8.2751 -3.7009
v  15.4989 6.9677 -3.0793
v  14.9719 8.2751 -3.0793
v  16.0258 5.6603 -3.7009
v  15.4989 6.9677 -3.7009
v  17.2778 4.7119 -5.3850
v  17.2778 4.7119 -3.7009
v  16.5575 5.9236 -5.3850
v  15.8372 7.1352 -5.3850
v  15.1168 8.3468 -5.3850
v  15.1168 8.3468 -3.7009
v  15.8372 7.1352 -3.0793
v  15.1168 8.3468 -3.0793
v  16.5575 5.9236 -3.7009
v  15.8372 7.1352 -3.7009
v  17.9396 5.1774 -5.3850
v  17.9396 5.1774 -3.7009
v  17.0428 6.2649 -5.3850
v  16.1459 7.3524 -5.3850
v  15.2491 8.4398 -5.3850
v  15.2491 8.4398 -3.7009
v  16.1459 7.3524 -3.0793
v  15.2491 8.4398 -3.0793
v  17.0428 6.2649 -3.7009
v  16.1459 7.3524 -3.7009
v  18.5226 5.7385 -5.3850
v  18.5226 5.7385 -3.7009
v  17.4703 6.6763 -5.3850
v  16.4179 7.6141 -5.3850
v  15.3656 8.5520 -5.3850
v  15.3656 8.5520 -3.7009
v  16.4179 7.6141 -3.0793
v  15.3656 8.5520 -3.0793
v  17.4703 6.6763 -3.7009
v  16.4179 7.6141 -3.7009
v  19.0131 6.3820 -5.3850
v  19.0131 6.3820 -3.7009
v  17.8299 7.1482 -5.3850
v  16.6468 7.9144 -5.3850
v  15.4636 8.6806 -5.3850
v  15.4636 8.6806 -3.7009
v  16.6468 7.9144 -3.0793
v  15.4636 8.6806 -3.0793
v  17.8299 7.1482 -3.7009
v  16.6468 7.9144 -3.7009
v  19.3996 7.0928 -5.3850
v  19.3996 7.0928 -3.7009
v  18.1134 7.6694 -5.3850
v  16.8271 8.2460 -5.3850
v  15.5409 8.8226 -5.3850
v  15.5409 8.8226 -3.7009
v  16.8271 8.2460 -3.0793
v  15.5409 8.8226 -3.0793
v  18.1134 7.6694 -3.7009
v  16.8271 8.2460 -3.7009
v  19.6731 7.8543 -5.3850
v  19.6731 7.8543 -3.7009
v  18.3139 8.2278 -5.3850
v  16.9547 8.6013 -5.3850
v  15.5955 8.9748 -5.3850
v  15.5955 8.9748 -3.7009
v  16.9547 8.6013 -3.0793
v  15.5955 8.9748 -3.0793
v  18.3139 8.2278 -3.7009
v  16.9547 8.6013 -3.7009
v  19.8272 8.6486 -5.3850
v  19.8272 8.6486 -3.7009
v  18.4269 8.8102 -5.3850
v  17.0266 8.9719 -5.3850
v  15.6263 9.1335 -5.3850
v  15.6263 9.1335 -3.7009
v  17.0266 8.9719 -3.0793
v  15.6263 9.1335 -3.0793
v  18.4269 8.8102 -3.7009
v  17.0266 8.9719 -3.7009
v  19.8582 9.4571 -5.3850
v  19.8582 9.4571 -3.7009
v  18.4496 9.4031 -5.3850
v  17.0411 9.3491 -5.3850
v  15.6325 9.2951 -5.3850
v  15.6325 9.2951 -3.7009
v  17.0411 9.3491 -3.0793
v  15.6325 9.2951 -3.0793
v  18.4496 9.4031 -3.7009
v  17.0411 9.3491 -3.7009
v  19.7654 10.2609 -5.3850
v  19.7654 10.2609 -3.7009
v  18.3816 9.9925 -5.3850
v  16.9978 9.7241 -5.3850
v  15.6140 9.4558 -5.3850
v  15.6140 9.4558 -3.7009
v  16.9978 9.7241 -3.0793
v  15.6140 9.4558 -3.0793
v  18.3816 9.9925 -3.7009
v  16.9978 9.7241 -3.7009
v  19.5510 11.0411 -5.3850
v  19.5510 11.0411 -3.7009
v  18.2244 10.5646 -5.3850
v  16.8977 10.0881 -5.3850
v  15.5711 9.6117 -5.3850
v  15.5711 9.6117 -3.7009
v  16.8977 10.0881 -3.0793
v  15.5711 9.6117 -3.0793
v  18.2244 10.5646 -3.7009
v  16.8977 10.0881 -3.7009
v  19.2200 11.7794 -5.3850
v  19.2200 11.7794 -3.7009
v  17.9817 11.1060 -5.3850
v  16.7433 10.4326 -5.3850
v  15.5050 9.7592 -5.3850
v  15.5050 9.7592 -3.7009
v  16.7433 10.4326 -3.0793
v  15.5050 9.7592 -3.0793
v  17.9817 11.1060 -3.7009
v  16.7433 10.4326 -3.7009
v  18.7802 12.4585 -5.3850
v  18.7802 12.4585 -3.7009
v  17.6592 11.6040 -5.3850
v  16.5381 10.7495 -5.3850
v  15.4171 9.8950 -5.3850
v  15.4171 9.8950 -3.7009
v  16.5381 10.7495 -3.0793
v  15.4171 9.8950 -3.0793
v  17.6592 11.6040 -3.7009
v  16.5381 10.7495 -3.7009
v  18.2419 13.0626 -5.3850
v  18.2419 13.0626 -3.7009
v  17.2644 12.0469 -5.3850
v  16.2870 11.0313 -5.3850
v  15.3095 10.0157 -5.3850
v  15.3095 10.0157 -3.7009
v  16.2870 11.0313 -3.0793
v  15.3095 10.0157 -3.0793
v  17.2644 12.0469 -3.7009
v  16.2870 11.0313 -3.7009
v  17.6176 13.5773 -5.3850
v  17.6176 13.5773 -3.7009
v  16.8067 12.4244 -5.3850
v  15.9957 11.2715 -5.3850
v  15.1848 10.1185 -5.3850
v  15.1848 10.1185 -3.7009
v  15.9957 11.2715 -3.0793
v  15.1848 10.1185 -3.0793
v  16.8067 12.4244 -3.7009
v  15.9957 11.2715 -3.7009
v  16.9222 13.9908 -5.3850
v  16.9222 13.9908 -3.7009
v  16.2967 12.7276 -5.3850
v  15.6712 11.4644 -5.3850
v  15.0458 10.2012 -5.3850
v  15.0458 10.2012 -3.7009
v  15.6712 11.4644 -3.0793
v  15.0458 10.2012 -3.0793
v  16.2967 12.7276 -3.7009
v  15.6712 11.4644 -3.7009
v  16.1717 14.2933 -5.3850
v  16.1717 14.2933 -3.7009
v  15.7464 12.9494 -5.3850
v  15.3211 11.6055 -5.3850
v  14.8958 10.2616 -5.3850
v  14.8958 10.2616 -3.7009
v  15.3211 11.6055 -3.0793
v  14.8958 10.2616 -3.0793
v  15.7464 12.9494 -3.7009
v  15.3211 11.6055 -3.7009
v  15.3839 14.4776 -5.3850
v  15.3839 14.4776 -3.7009
v  15.1687 13.0846 -5.3850
v  14.9535 11.6915 -5.3850
v  14.7383 10.2985 -5.3850
v  14.7383 10.2985 -3.7009
v  14.9535 11.6915 -3.0793
v  14.7383 10.2985 -3.0793
v  15.1687 13.0846 -3.7009
v  14.9535 11.6915 -3.7009
v  -15.4669 9.4941 -4.8314
v  -15.1766 9.6143 -4.8314
v  -14.8862 9.4941 -4.8314
v  -15.4669 8.9133 -4.8314
v  -14.8862 8.9133 -4.8314
v  -14.7659 9.2037 -4.8314
v  -15.1766 8.7930 -4.8314
v  -15.5872 9.2037 -4.8314
v  -15.2729 10.4167 -4.6398
v  -15.7250 10.3268 -4.6398
v  -15.2729 10.3268 -3.9797
v  -16.1084 10.0706 -4.6398
v  -15.7552 10.1999 -3.9357
v  -15.2729 10.0706 -3.4202
v  -16.3645 9.6873 -4.6398
v  -16.1700 9.8156 -3.9036
v  -15.7772 9.8156 -3.3302
v  -15.2729 9.6873 -3.0463
v  -16.4544 9.2351 -4.6398
v  -16.3645 9.2351 -3.9797
v  -16.1084 9.2351 -3.4202
v  -15.7250 9.2351 -3.0463
v  -15.2729 9.2351 -2.9150
v  -14.8207 10.3268 -4.6398
v  -14.7905 10.1999 -3.9357
v  -14.4374 10.0706 -4.6398
v  -14.7686 9.8156 -3.3302
v  -14.3757 9.8156 -3.9036
v  -14.1812 9.6873 -4.6398
v  -14.8207 9.2351 -3.0463
v  -14.4374 9.2351 -3.4202
v  -14.1812 9.2351 -3.9797
v  -14.0913 9.2351 -4.6398
v  -15.2729 10.3268 -5.2998
v  -14.7905 10.1999 -5.3439
v  -15.2729 10.0706 -5.8594
v  -14.3757 9.8156 -5.3759
v  -14.7686 9.8156 -5.9493
v  -15.2729 9.6873 -6.2333
v  -14.1812 9.2351 -5.2998
v  -14.4374 9.2351 -5.8594
v  -14.8207 9.2351 -6.2333
v  -15.2729 9.2351 -6.3646
v  -15.7552 10.1999 -5.3439
v  -15.7772 9.8156 -5.9493
v  -16.1700 9.8156 -5.3759
v  -15.7250 9.2351 -6.2333
v  -16.1084 9.2351 -5.8594
v  -16.3645 9.2351 -5.2998
v  -15.2729 8.0535 -4.6398
v  -15.2729 8.1435 -3.9797
v  -15.7250 8.1435 -4.6398
v  -15.2729 8.3996 -3.4202
v  -15.7552 8.2704 -3.9357
v  -16.1084 8.3996 -4.6398
v  -15.2729 8.7830 -3.0463
v  -15.7772 8.6546 -3.3302
v  -16.1700 8.6546 -3.9036
v  -16.3645 8.7830 -4.6398
v  -14.8207 8.1435 -4.6398
v  -14.4374 8.3996 -4.6398
v  -14.7905 8.2704 -3.9357
v  -14.1812 8.7830 -4.6398
v  -14.3757 8.6546 -3.9036
v  -14.7686 8.6546 -3.3302
v  -15.2729 8.1435 -5.2998
v  -15.2729 8.3996 -5.8594
v  -14.7905 8.2704 -5.3439
v  -15.2729 8.7830 -6.2333
v  -14.7686 8.6546 -5.9493
v  -14.3757 8.6546 -5.3759
v  -15.7552 8.2704 -5.3439
v  -16.1700 8.6546 -5.3759
v  -15.7772 8.6546 -5.9493
v  -15.8927 10.2985 -3.6931
v  -15.8927 10.2985 -5.3773
v  -15.7315 10.3109 -5.3773
v  -15.7315 10.3109 -3.6931
v  -16.0501 10.2616 -3.6931
v  -16.0501 10.2616 -5.3773
v  -16.2001 10.2012 -3.6931
v  -16.2001 10.2012 -5.3773
v  -15.3366 8.2751 -3.6931
v  -15.3366 8.2751 -5.3773
v  -15.4908 8.2263 -5.3773
v  -15.4908 8.2263 -3.6931
v  -15.1917 8.3468 -3.6931
v  -15.1917 8.3468 -5.3773
v  -15.0595 8.4398 -3.6931
v  -15.0595 8.4398 -5.3773
v  -14.9430 8.5520 -3.6931
v  -14.9430 8.5520 -5.3773
v  -14.8449 8.6806 -3.6931
v  -14.8449 8.6806 -5.3773
v  -14.7677 8.8226 -3.6931
v  -14.7677 8.8226 -5.3773
v  -14.7130 8.9748 -3.6931
v  -14.7130 8.9748 -5.3773
v  -14.6823 9.1335 -3.6931
v  -14.6823 9.1335 -5.3773
v  -14.6761 9.2951 -3.6931
v  -14.6761 9.2951 -5.3773
v  -14.6946 9.4558 -3.6931
v  -14.6946 9.4558 -5.3773
v  -14.7375 9.6117 -3.6931
v  -14.7375 9.6117 -5.3773
v  -14.8036 9.7592 -3.6931
v  -14.8036 9.7592 -5.3773
v  -14.8915 9.8950 -3.6931
v  -14.8915 9.8950 -5.3773
v  -14.9991 10.0157 -3.6931
v  -14.9991 10.0157 -5.3773
v  -15.1238 10.1186 -3.6931
v  -15.1238 10.1186 -5.3773
v  -15.2628 10.2012 -3.6931
v  -15.2628 10.2012 -5.3773
v  -15.4128 10.2616 -3.6931
v  -15.4128 10.2616 -5.3773
v  -15.5702 10.2985 -3.6931
v  -15.5702 10.2985 -5.3773
# 2358 vertices

vn 0.0765 0.9971 0.0000
vn 0.0000 -0.0000 1.0000
vn -0.0765 -0.9971 -0.0000
vn 0.0000 0.0000 -1.0000
vn 0.2279 0.9737 0.0000
vn -0.2279 -0.9737 -0.0000
vn 0.3738 0.9275 0.0000
vn -0.3738 -0.9275 -0.0000
vn 0.5110 0.8596 0.0000
vn -0.5110 -0.8596 -0.0000
vn 0.6362 0.7715 0.0000
vn -0.6362 -0.7715 -0.0000
vn 0.7466 0.6653 0.0000
vn -0.7466 -0.6653 -0.0000
vn 0.8394 0.5436 0.0000
vn -0.8394 -0.5436 -0.0000
vn 0.9125 0.4091 0.0000
vn -0.9125 -0.4091 -0.0000
vn 0.9643 0.2650 0.0000
vn -0.9643 -0.2650 -0.0000
vn 0.9934 0.1147 0.0000
vn -0.9934 -0.1147 -0.0000
vn 0.9993 -0.0383 -0.0000
vn -0.9993 0.0383 0.0000
vn 0.9817 -0.1904 -0.0000
vn -0.9817 0.1904 0.0000
vn 0.9411 -0.3380 -0.0000
vn -0.9411 0.3380 0.0000
vn 0.8785 -0.4777 -0.0000
vn -0.8785 0.4777 0.0000
vn 0.7953 -0.6062 -0.0000
vn -0.7953 0.6062 0.0000
vn 0.6934 -0.7205 -0.0000
vn -0.6934 0.7205 0.0000
vn 0.5753 -0.8179 -0.0000
vn -0.5753 0.8179 0.0000
vn 0.4437 -0.8962 -0.0000
vn -0.4437 0.8962 0.0000
vn 0.3017 -0.9534 -0.0000
vn -0.3017 0.9534 0.0000
vn 0.1526 -0.9883 -0.0000
vn -0.1526 0.9883 0.0000
vn 0.0000 -1.0000 -0.0000
vn 0.0000 1.0000 0.0000
vn -0.1526 -0.9883 -0.0000
vn 0.1526 0.9883 0.0000
vn -0.3017 -0.9534 -0.0000
vn 0.3017 0.9534 0.0000
vn -0.4437 -0.8962 -0.0000
vn 0.4437 0.8962 0.0000
vn -0.5753 -0.8179 -0.0000
vn 0.5753 0.8179 0.0000
vn -0.6934 -0.7205 -0.0000
vn 0.6934 0.7205 0.0000
vn -0.7953 -0.6062 -0.0000
vn 0.7953 0.6062 0.0000
vn -0.8785 -0.4777 -0.0000
vn 0.8785 0.4777 0.0000
vn -0.9411 -0.3380 -0.0000
vn 0.9411 0.3380 0.0000
vn -0.9817 -0.1904 -0.0000
vn 0.9817 0.1904 0.0000
vn -0.9993 -0.0383 -0.0000
vn 0.9993 0.0383 0.0000
vn -0.9934 0.1147 0.0000
vn 0.9934 -0.1147 -0.0000
vn -0.9643 0.2650 0.0000
vn 0.9643 -0.2650 -0.0000
vn -0.9125 0.4091 0.0000
vn 0.9125 -0.4091 -0.0000
vn -0.8394 0.5436 0.0000
vn 0.8394 -0.5436 -0.0000
vn -0.7466 0.6653 0.0000
vn 0.7466 -0.6653 -0.0000
vn -0.6362 0.7715 0.0000
vn 0.6362 -0.7715 -0.0000
vn -0.5110 0.8596 0.0000
vn 0.5110 -0.8596 -0.0000
vn -0.3738 0.9275 0.0000
vn 0.3738 -0.9275 -0.0000
vn -0.2279 0.9737 0.0000
vn 0.2279 -0.9737 -0.0000
vn -0.0766 0.9971 0.0000
vn 0.0766 -0.9971 -0.0000
vn 0.0765 -0.9971 -0.0000
vn 0.0000 -1.0000 0.0000
vn -0.0000 0.3467 0.9380
vn -0.0000 0.6088 0.7933
vn 0.0000 0.6088 0.7933
vn 0.9935 -0.1138 -0.0000
vn 0.9963 -0.0864 -0.0000
vn 0.9999 -0.0102 -0.0000
vn 0.9997 -0.0249 -0.0000
vn 0.0000 -0.3467 -0.9380
vn 0.0000 -0.6088 -0.7933
vn -0.9963 -0.0864 -0.0000
vn -0.9935 -0.1138 -0.0000
vn -0.9997 -0.0249 -0.0000
vn -0.9999 -0.0102 -0.0000
vn 0.0000 0.3307 0.9437
vn 0.0000 0.0299 0.9996
vn 1.0000 0.0000 -0.0000
vn 0.9873 -0.1589 0.0000
vn 0.0000 -0.3307 -0.9437
vn 0.0000 -0.0299 -0.9996
vn -1.0000 0.0000 -0.0000
vn -0.9873 -0.1589 0.0000
vn 0.0000 0.3467 -0.9380
vn 0.0000 0.6088 -0.7933
vn 0.0000 -0.3467 0.9380
vn 0.0000 -0.6088 0.7933
vn -0.0000 -0.6088 0.7933
vn 0.9963 -0.0864 0.0000
vn 0.9935 -0.1138 0.0000
vn 0.0000 0.3307 -0.9437
vn 0.0000 0.0299 -0.9996
vn -0.0000 -0.3307 0.9437
vn -0.0000 -0.0299 0.9996
vn 0.0000 -0.0299 0.9996
vn 0.9997 -0.0249 0.0000
vn 0.9999 -0.0102 0.0000
vn -1.0000 -0.0000 -0.0000
vn -0.9873 -0.1589 -0.0000
vn 1.0000 -0.0000 0.0000
vn 1.0000 0.0000 0.0000
vn 0.3072 -0.9517 -0.0000
vn 0.3072 -0.9517 0.0000
vn -0.8660 0.5000 -0.0000
vn -0.8660 0.5000 0.0000
vn 0.0724 0.9974 0.0000
vn -0.1305 0.9914 -0.0000
vn 0.1882 -0.1087 -0.9761
vn 0.1256 -0.0803 -0.9888
vn 0.0154 -0.0089 -0.9998
vn 0.0376 -0.0217 -0.9991
vn 0.0067 -0.9996 0.0283
vn 0.0016 -0.9996 0.0292
vn 0.1370 -0.9905 0.0079
vn 0.1305 -0.9914 -0.0000
vn 0.1880 -0.1590 0.9692
vn 0.0376 -0.0217 0.9991
vn 0.0152 -0.0090 0.9998
vn 0.1135 -0.1029 0.9882
vn 0.4739 0.8806 0.0000
vn 0.4739 0.8806 -0.0000
vn -0.1203 0.9927 -0.0000
vn -0.1203 0.9927 0.0000
vn 0.3389 0.9408 0.0000
vn 0.0000 -0.0000 -1.0000
vn 0.2016 -0.4277 -0.8811
vn 0.1729 -0.5355 -0.8266
vn -0.1855 -0.9826 -0.0000
vn -0.4739 -0.8806 -0.0000
vn -0.2045 -0.9785 0.0257
vn -0.2423 -0.9702 -0.0000
vn -0.0000 0.0000 1.0000
vn 0.1761 -0.4276 0.8866
vn 0.1572 -0.4871 0.8591
vn -0.9829 0.1844 -0.0000
vn 0.9829 -0.1844 0.0000
vn 0.5736 -0.8192 0.0000
vn 0.5736 -0.8192 -0.0000
vn -0.5736 0.8192 0.0000
vn -0.8192 -0.5736 -0.0000
vn -0.8192 -0.5736 0.0000
vn 0.8192 0.5736 0.0000
vn 0.8192 0.5736 -0.0000
vn -0.8201 -0.5722 -0.0000
vn 0.8141 0.5807 0.0000
vn -0.0000 -0.0000 1.0000
vn 0.1015 -0.9948 -0.0000
vn 0.0000 1.0000 -0.0000
vn -0.1417 0.9827 -0.1192
vn -0.0691 0.9174 -0.3919
vn -0.2455 0.9039 -0.3502
vn -0.3990 0.8942 -0.2031
vn -0.4368 0.8979 -0.0556
vn -0.4370 0.8977 0.0560
vn -0.1417 0.9827 0.1192
vn -0.3994 0.8940 0.2029
vn -0.2457 0.9040 0.3498
vn -0.0687 0.9176 0.3916
vn 0.0691 0.9174 0.3919
vn 0.1417 0.9827 0.1192
vn 0.2455 0.9039 0.3502
vn 0.3990 0.8942 0.2031
vn 0.4368 0.8979 0.0556
vn 0.4370 0.8977 -0.0560
vn 0.1417 0.9827 -0.1192
vn 0.3994 0.8940 -0.2029
vn 0.2457 0.9040 -0.3498
vn 0.0687 0.9176 -0.3916
vn -0.0839 0.8403 -0.5356
vn -0.3055 0.8303 -0.4661
vn -0.5171 0.8102 -0.2760
vn -0.5949 0.8006 -0.0712
vn -0.5946 0.8008 0.0715
vn -0.5169 0.8104 0.2756
vn -0.3060 0.8300 0.4663
vn -0.0837 0.8401 0.5360
vn 0.0839 0.8403 0.5356
vn 0.3055 0.8303 0.4661
vn 0.5171 0.8102 0.2760
vn 0.5949 0.8006 0.0712
vn 0.5946 0.8008 -0.0715
vn 0.5169 0.8104 -0.2756
vn 0.3060 0.8300 -0.4663
vn 0.0837 0.8401 -0.5360
vn -0.1459 0.3548 -0.9235
vn -0.1460 0.1776 -0.9732
vn -0.5390 0.1707 -0.8248
vn -0.5222 0.3455 -0.7797
vn -0.8799 0.1600 -0.4474
vn -0.8476 0.3229 -0.4211
vn -0.9816 0.1560 -0.1103
vn -0.9440 0.3113 -0.1097
vn -0.9816 0.1560 0.1103
vn -0.9440 0.3113 0.1097
vn -0.8799 0.1600 0.4474
vn -0.8476 0.3229 0.4211
vn -0.5390 0.1707 0.8248
vn -0.5222 0.3455 0.7797
vn -0.1460 0.1776 0.9732
vn -0.1459 0.3548 0.9235
vn 0.1460 0.1776 0.9732
vn 0.1459 0.3548 0.9235
vn 0.5390 0.1707 0.8248
vn 0.5222 0.3455 0.7797
vn 0.8799 0.1600 0.4474
vn 0.8476 0.3229 0.4211
vn 0.9816 0.1560 0.1103
vn 0.9440 0.3113 0.1097
vn 0.9816 0.1560 -0.1103
vn 0.9440 0.3113 -0.1097
vn 0.8799 0.1600 -0.4474
vn 0.8476 0.3229 -0.4211
vn 0.5390 0.1707 -0.8248
vn 0.5222 0.3455 -0.7797
vn 0.1460 0.1776 -0.9732
vn 0.1459 0.3548 -0.9235
vn -0.1460 -0.1776 -0.9732
vn -0.5390 -0.1707 -0.8248
vn -0.8799 -0.1600 -0.4474
vn -0.9816 -0.1560 -0.1103
vn -0.9816 -0.1560 0.1103
vn -0.8799 -0.1600 0.4474
vn -0.5390 -0.1707 0.8248
vn -0.1460 -0.1776 0.9732
vn 0.1460 -0.1776 0.9732
vn 0.5390 -0.1707 0.8248
vn 0.8799 -0.1600 0.4474
vn 0.9816 -0.1560 0.1103
vn 0.9816 -0.1560 -0.1103
vn 0.8799 -0.1600 -0.4474
vn 0.5390 -0.1707 -0.8248
vn 0.1460 -0.1776 -0.9732
vn -0.1204 -0.5998 -0.7911
vn -0.4481 -0.5800 -0.6803
vn -0.7398 -0.5594 -0.3739
vn -0.8257 -0.5563 -0.0932
vn -0.8257 -0.5563 0.0932
vn -0.7398 -0.5594 0.3739
vn -0.4481 -0.5800 0.6803
vn -0.1204 -0.5998 0.7911
vn 0.1204 -0.5998 0.7911
vn 0.4481 -0.5800 0.6803
vn 0.7398 -0.5594 0.3739
vn 0.8257 -0.5563 0.0932
vn 0.8257 -0.5563 -0.0932
vn 0.7398 -0.5594 -0.3739
vn 0.4481 -0.5800 -0.6803
vn 0.1204 -0.5998 -0.7911
vn -0.0646 -0.9133 -0.4022
vn -0.2421 -0.9024 -0.3565
vn -0.4046 -0.8926 -0.1986
vn -0.4459 -0.8935 -0.0523
vn -0.4459 -0.8935 0.0523
vn -0.4046 -0.8926 0.1986
vn -0.2421 -0.9024 0.3565
vn -0.0646 -0.9133 0.4022
vn 0.0646 -0.9133 0.4022
vn 0.2421 -0.9024 0.3565
vn 0.4046 -0.8926 0.1986
vn 0.4459 -0.8935 0.0523
vn 0.4459 -0.8935 -0.0523
vn 0.4046 -0.8926 -0.1986
vn 0.2421 -0.9024 -0.3565
vn 0.0646 -0.9133 -0.4022
vn -0.0907 -0.9930 -0.0755
vn -0.0907 -0.9930 0.0755
vn 0.0907 -0.9930 0.0755
vn 0.0907 -0.9930 -0.0755
vn 0.9868 0.1619 0.0000
vn 0.9868 0.1619 -0.0000
vn 0.0000 0.1877 -0.9822
vn -0.9868 0.1619 0.0000
vn -0.9868 0.1619 -0.0000
vn 0.0000 0.1877 0.9822
vn 0.6741 0.7386 0.0000
vn 0.0000 0.7872 0.6167
vn -0.6741 0.7386 0.0000
vn 0.0000 0.7872 -0.6167
vn 0.0331 -0.9938 0.1062
vn 0.0336 -0.9938 0.1057
vn 0.0905 -0.9929 0.0777
vn 0.1230 -0.9920 0.0283
vn 0.1232 -0.9920 0.0288
vn 0.1271 -0.9919 -0.0000
vn 0.1271 -0.9919 0.0000
vn 0.1235 -0.9919 -0.0284
vn 0.1229 -0.9920 -0.0288
vn 0.0905 -0.9929 -0.0777
vn 0.0330 -0.9938 -0.1058
vn 0.0337 -0.9938 -0.1059
vn 0.0000 -0.9940 -0.1093
vn -0.0331 -0.9938 -0.1062
vn -0.0336 -0.9938 -0.1057
vn -0.0905 -0.9929 -0.0777
vn -0.1230 -0.9920 -0.0283
vn -0.1232 -0.9920 -0.0288
vn -0.1271 -0.9919 -0.0000
vn -0.1271 -0.9919 0.0000
vn -0.1235 -0.9919 0.0284
vn -0.1229 -0.9920 0.0288
vn -0.0905 -0.9929 0.0777
vn -0.0330 -0.9938 0.1058
vn -0.0337 -0.9938 0.1059
vn 0.0000 -0.9940 0.1093
vn -0.1088 0.9881 -0.1088
vn -0.1088 0.9881 0.1088
vn 0.1088 0.9881 0.1088
vn 0.1088 0.9881 -0.1088
vn -0.0699 0.8549 -0.5141
vn -0.2656 0.8474 -0.4598
vn -0.4599 0.8474 -0.2654
vn -0.5141 0.8549 -0.0698
vn -0.5141 0.8549 0.0698
vn -0.4599 0.8474 0.2654
vn -0.2656 0.8474 0.4598
vn -0.0699 0.8549 0.5141
vn 0.0699 0.8549 0.5141
vn 0.2656 0.8474 0.4598
vn 0.4599 0.8474 0.2654
vn 0.5141 0.8549 0.0698
vn 0.5141 0.8549 -0.0698
vn 0.4599 0.8474 -0.2654
vn 0.2656 0.8474 -0.4598
vn 0.0699 0.8549 -0.5141
vn -0.1130 0.4884 -0.8653
vn -0.4380 0.4824 -0.7586
vn -0.7586 0.4824 -0.4380
vn -0.8653 0.4884 -0.1129
vn -0.8653 0.4884 0.1129
vn -0.7587 0.4823 0.4379
vn -0.4380 0.4824 0.7586
vn -0.1130 0.4884 0.8653
vn 0.1130 0.4884 0.8653
vn 0.4380 0.4824 0.7586
vn 0.7586 0.4824 0.4380
vn 0.8653 0.4884 0.1129
vn 0.8653 0.4884 -0.1129
vn 0.7587 0.4823 -0.4379
vn 0.4380 0.4824 -0.7586
vn 0.1130 0.4884 -0.8653
vn -0.1282 0.1282 -0.9834
vn -0.4959 0.1279 -0.8589
vn -0.8589 0.1278 -0.4960
vn -0.9834 0.1282 -0.1282
vn -0.9834 0.1283 0.1282
vn -0.8589 0.1279 0.4960
vn -0.4959 0.1279 0.8589
vn -0.1282 0.1282 0.9834
vn 0.1282 0.1282 0.9834
vn 0.4959 0.1279 0.8589
vn 0.8589 0.1278 0.4960
vn 0.9834 0.1282 0.1282
vn 0.9834 0.1283 -0.1282
vn 0.8589 0.1279 -0.4960
vn 0.4959 0.1279 -0.8589
vn 0.1282 0.1282 -0.9834
vn -0.1282 -0.1281 -0.9834
vn -0.4959 -0.1278 -0.8589
vn -0.8589 -0.1278 -0.4960
vn -0.9834 -0.1282 -0.1282
vn -0.9834 -0.1282 0.1282
vn -0.8589 -0.1278 0.4960
vn -0.4959 -0.1278 0.8589
vn -0.1282 -0.1281 0.9834
vn 0.1282 -0.1281 0.9834
vn 0.4959 -0.1278 0.8589
vn 0.8589 -0.1278 0.4960
vn 0.9834 -0.1282 0.1282
vn 0.9834 -0.1282 -0.1282
vn 0.8589 -0.1278 -0.4960
vn 0.4959 -0.1278 -0.8589
vn 0.1282 -0.1281 -0.9834
vn -0.1130 -0.4883 -0.8653
vn -0.4380 -0.4823 -0.7586
vn -0.7587 -0.4823 -0.4380
vn -0.8653 -0.4884 -0.1129
vn -0.8653 -0.4884 0.1129
vn -0.7586 -0.4823 0.4380
vn -0.4380 -0.4823 0.7586
vn -0.1130 -0.4883 0.8653
vn 0.1130 -0.4883 0.8653
vn 0.4380 -0.4823 0.7586
vn 0.7587 -0.4823 0.4380
vn 0.8653 -0.4884 0.1129
vn 0.8653 -0.4884 -0.1129
vn 0.7586 -0.4823 -0.4380
vn 0.4380 -0.4823 -0.7586
vn 0.1130 -0.4883 -0.8653
vn -0.0698 -0.8550 -0.5140
vn -0.2656 -0.8474 -0.4597
vn -0.4598 -0.8475 -0.2654
vn -0.5140 -0.8550 -0.0698
vn -0.5140 -0.8550 0.0698
vn -0.4598 -0.8475 0.2653
vn -0.2655 -0.8475 0.4597
vn -0.0698 -0.8550 0.5140
vn 0.0698 -0.8550 0.5140
vn 0.2656 -0.8474 0.4597
vn 0.4598 -0.8475 0.2654
vn 0.5140 -0.8550 0.0698
vn 0.5140 -0.8550 -0.0698
vn 0.4598 -0.8475 -0.2653
vn 0.2655 -0.8475 -0.4597
vn 0.0698 -0.8550 -0.5140
vn -0.1087 -0.9881 -0.1087
vn -0.1087 -0.9881 0.1087
vn 0.1087 -0.9881 0.1087
vn 0.1087 -0.9881 -0.1087
vn 0.7071 -0.7071 0.0000
vn -0.0000 -1.0000 0.0000
vn -0.7071 -0.7071 0.0000
vn -1.0000 -0.0000 0.0000
vn -0.7071 0.7071 -0.0000
vn -0.0000 1.0000 -0.0000
vn 0.7071 0.7071 -0.0000
vn 0.0000 0.0000 1.0000
vn 0.3796 0.9251 -0.0000
vn -0.0000 0.9613 -0.2757
vn 0.7058 0.7084 -0.0000
vn 0.4347 0.8468 -0.3065
vn 0.0000 0.8172 -0.5763
vn 0.9258 0.3781 -0.0000
vn 0.8000 0.5032 -0.3268
vn 0.5162 0.5619 -0.6464
vn 0.0000 0.4880 -0.8728
vn 0.9585 0.0000 -0.2850
vn 0.8132 0.0000 -0.5819
vn 0.5015 0.0000 -0.8651
vn -0.3796 0.9251 -0.0000
vn -0.4347 0.8468 -0.3065
vn -0.7058 0.7084 -0.0000
vn -0.5162 0.5619 -0.6464
vn -0.8000 0.5032 -0.3268
vn -0.9258 0.3781 -0.0000
vn -0.5015 0.0000 -0.8651
vn -0.8132 0.0000 -0.5819
vn -0.9585 0.0000 -0.2850
vn -1.0000 0.0000 0.0000
vn 0.0000 0.9613 0.2757
vn -0.4347 0.8468 0.3065
vn 0.0000 0.8172 0.5763
vn -0.8000 0.5032 0.3268
vn -0.5162 0.5619 0.6464
vn 0.0000 0.4880 0.8728
vn -0.9585 -0.0000 0.2850
vn -0.8132 -0.0000 0.5819
vn -0.5015 -0.0000 0.8651
vn 0.4347 0.8468 0.3065
vn 0.5162 0.5619 0.6464
vn 0.8000 0.5032 0.3268
vn 0.5015 -0.0000 0.8651
vn 0.8132 -0.0000 0.5819
vn 0.9585 -0.0000 0.2850
vn 0.0000 -0.9613 -0.2757
vn 0.3796 -0.9251 0.0000
vn 0.0000 -0.8172 -0.5763
vn 0.4347 -0.8468 -0.3065
vn 0.7058 -0.7084 0.0000
vn -0.0000 -0.4880 -0.8728
vn 0.5162 -0.5619 -0.6464
vn 0.8000 -0.5032 -0.3268
vn 0.9258 -0.3781 0.0000
vn -0.3796 -0.9251 0.0000
vn -0.7058 -0.7084 0.0000
vn -0.4347 -0.8468 -0.3065
vn -0.9258 -0.3781 0.0000
vn -0.8000 -0.5032 -0.3268
vn -0.5162 -0.5619 -0.6464
vn -0.0000 -0.9613 0.2757
vn -0.0000 -0.8172 0.5763
vn -0.4347 -0.8468 0.3065
vn 0.0000 -0.4880 0.8728
vn -0.5162 -0.5619 0.6464
vn -0.8000 -0.5032 0.3268
vn 0.4347 -0.8468 0.3065
vn 0.8000 -0.5032 0.3268
vn 0.5162 -0.5619 0.6464
vn 0.0000 0.9613 -0.2757
vn -0.0000 0.8172 -0.5763
vn 1.0000 -0.0000 -0.0000
vn -0.0000 0.8172 0.5763
vn -0.0000 0.4880 0.8728
vn -0.0000 -0.8172 -0.5763
vn 0.0000 -0.9613 0.2757
vn -0.0000 -0.4880 0.8728
vn -0.0000 0.9613 0.2757
vn 0.7058 0.7084 0.0000
vn 0.9258 0.3781 0.0000
vn 0.0000 -0.8172 0.5763
vn -0.7058 -0.7084 -0.0000
vn -0.9258 -0.3781 -0.0000
vn 0.0000 -0.4880 -0.8728
vn -0.0765 0.9971 0.0000
vn -0.3738 0.9275 -0.0000
vn -0.5110 0.8596 -0.0000
vn 0.5110 -0.8596 0.0000
vn -0.6362 0.7715 -0.0000
vn 0.6362 -0.7715 0.0000
vn -0.7466 0.6653 -0.0000
vn 0.7466 -0.6653 0.0000
vn -0.8394 0.5436 -0.0000
vn 0.8394 -0.5436 0.0000
vn -0.9125 0.4091 -0.0000
vn 0.9125 -0.4091 0.0000
vn -0.9643 0.2650 -0.0000
vn -0.0000 -0.0000 -1.0000
vn 0.9643 -0.2650 0.0000
vn -0.9934 0.1147 -0.0000
vn 0.9934 -0.1147 0.0000
vn -0.1526 0.9883 -0.0000
vn 0.3017 -0.9534 0.0000
vn 0.4437 -0.8962 0.0000
vn 0.5753 -0.8179 0.0000
vn 0.6934 -0.7205 0.0000
vn 0.7953 -0.6062 0.0000
vn 0.8785 -0.4777 0.0000
vn 0.9411 -0.3380 0.0000
vn 0.9817 -0.1904 0.0000
vn 0.9993 -0.0383 0.0000
vn 0.0766 0.9971 0.0000
vn 0.0765 -0.9971 0.0000
vn -0.0765 -0.9971 0.0000
vn -0.0766 -0.9971 0.0000
vn -0.2279 -0.9737 0.0000
vn -0.3738 -0.9275 0.0000
vn -0.9993 0.0383 -0.0000
vn -0.9817 0.1904 -0.0000
vn -0.9411 0.3380 -0.0000
vn -0.8785 0.4777 -0.0000
vn -0.7953 0.6062 -0.0000
vn -0.6934 0.7205 -0.0000
vn -0.5753 0.8179 -0.0000
vn -0.4437 0.8962 -0.0000
vn -0.3017 0.9534 -0.0000
vn 0.1526 0.9883 -0.0000
vn 0.3017 0.9534 -0.0000
vn 0.3738 -0.9275 0.0000
vn 0.2279 -0.9737 0.0000
vn -0.2279 0.9737 -0.0000
vn -0.9993 -0.0383 0.0000
vn -0.9817 -0.1904 0.0000
vn -0.9411 -0.3380 0.0000
vn -0.8785 -0.4777 0.0000
vn -0.7953 -0.6062 0.0000
vn 0.9934 0.1147 -0.0000
vn 0.9643 0.2650 -0.0000
vn 0.9125 0.4091 -0.0000
vn 0.8394 0.5436 -0.0000
vn 0.9993 0.0383 -0.0000
vn 0.9817 0.1904 -0.0000
vn 0.9411 0.3380 -0.0000
vn 0.8785 0.4777 -0.0000
vn 0.7953 0.6062 -0.0000
vn -0.6934 -0.7205 0.0000
vn 0.6934 0.7205 -0.0000
vn 0.5753 0.8179 -0.0000
vn 0.4437 0.8962 -0.0000
vn -0.9934 -0.1147 0.0000
vn -0.9643 -0.2650 0.0000
vn -0.9125 -0.4091 0.0000
vn -0.8394 -0.5436 0.0000
vn 0.7466 0.6653 -0.0000
vn -0.7466 -0.6653 0.0000
vn 0.6362 0.7715 -0.0000
vn -0.6362 -0.7715 0.0000
vn -0.5110 -0.8596 0.0000
vn -0.0766 -0.9971 -0.0000
vn 0.7465 -0.6653 0.0000
vn -0.1934 0.9721 0.1325
vn -0.5512 0.8249 0.1250
vn -0.2371 0.9578 0.1624
vn -0.1972 0.8914 0.4080
vn -0.8253 0.5514 0.1219
vn -0.6582 0.7267 0.1967
vn -0.6019 0.6839 0.4123
vn -0.3182 0.8056 0.4998
vn -0.2199 0.6811 0.6984
vn -0.9721 0.1934 0.1325
vn -0.9370 0.2881 0.1974
vn -0.8821 0.2426 0.4038
vn -0.7704 0.3578 0.5278
vn -0.6711 0.2763 0.6880
vn -0.3789 0.3789 0.8443
vn -0.2686 0.2686 0.9250
vn 0.1934 0.9721 0.1325
vn 0.1972 0.8914 0.4080
vn 0.2371 0.9578 0.1624
vn 0.5512 0.8249 0.1250
vn 0.2199 0.6811 0.6984
vn 0.3182 0.8056 0.4998
vn 0.6019 0.6839 0.4123
vn 0.6582 0.7267 0.1967
vn 0.8253 0.5514 0.1219
vn 0.2686 0.2686 0.9250
vn 0.3789 0.3789 0.8443
vn 0.6711 0.2763 0.6880
vn 0.7704 0.3578 0.5278
vn 0.8821 0.2426 0.4038
vn 0.9370 0.2881 0.1974
vn 0.9721 0.1934 0.1325
vn 0.1934 0.9721 -0.1325
vn 0.5512 0.8249 -0.1250
vn 0.2371 0.9578 -0.1624
vn 0.1972 0.8914 -0.4080
vn 0.8253 0.5514 -0.1219
vn 0.6582 0.7267 -0.1967
vn 0.6019 0.6839 -0.4123
vn 0.3182 0.8056 -0.4998
vn 0.2199 0.6811 -0.6984
vn 0.9721 0.1934 -0.1325
vn 0.9370 0.2881 -0.1974
vn 0.8821 0.2426 -0.4038
vn 0.7704 0.3578 -0.5278
vn 0.6711 0.2763 -0.6880
vn 0.3789 0.3789 -0.8443
vn 0.2686 0.2686 -0.9250
vn -0.1934 0.9721 -0.1325
vn -0.1972 0.8914 -0.4080
vn -0.2371 0.9578 -0.1624
vn -0.5512 0.8249 -0.1250
vn -0.2199 0.6811 -0.6984
vn -0.3182 0.8056 -0.4998
vn -0.6019 0.6839 -0.4123
vn -0.6582 0.7267 -0.1967
vn -0.8253 0.5514 -0.1219
vn -0.2686 0.2686 -0.9250
vn -0.3789 0.3789 -0.8443
vn -0.6711 0.2763 -0.6880
vn -0.7704 0.3578 -0.5278
vn -0.8821 0.2426 -0.4038
vn -0.9370 0.2881 -0.1974
vn -0.9721 0.1934 -0.1325
vn -0.1934 -0.9721 0.1325
vn -0.1972 -0.8914 0.4080
vn -0.2371 -0.9578 0.1624
vn -0.5512 -0.8249 0.1250
vn -0.2199 -0.6811 0.6984
vn -0.3182 -0.8056 0.4998
vn -0.6019 -0.6839 0.4123
vn -0.6582 -0.7267 0.1967
vn -0.8253 -0.5514 0.1219
vn -0.2686 -0.2686 0.9250
vn -0.3789 -0.3789 0.8443
vn -0.6711 -0.2763 0.6880
vn -0.7704 -0.3578 0.5278
vn -0.8821 -0.2426 0.4038
vn -0.9370 -0.2881 0.1974
vn -0.9721 -0.1934 0.1325
vn 0.1934 -0.9721 0.1325
vn 0.5512 -0.8249 0.1250
vn 0.2371 -0.9578 0.1624
vn 0.1972 -0.8914 0.4080
vn 0.8253 -0.5514 0.1219
vn 0.6582 -0.7267 0.1967
vn 0.6019 -0.6839 0.4123
vn 0.3182 -0.8056 0.4998
vn 0.2199 -0.6811 0.6984
vn 0.9721 -0.1934 0.1325
vn 0.9370 -0.2881 0.1974
vn 0.8821 -0.2426 0.4038
vn 0.7704 -0.3578 0.5278
vn 0.6711 -0.2763 0.6880
vn 0.3789 -0.3789 0.8443
vn 0.2686 -0.2686 0.9250
vn 0.1934 -0.9721 -0.1325
vn 0.1972 -0.8914 -0.4080
vn 0.2371 -0.9578 -0.1624
vn 0.5512 -0.8249 -0.1250
vn 0.2199 -0.6811 -0.6984
vn 0.3182 -0.8056 -0.4998
vn 0.6019 -0.6839 -0.4123
vn 0.6582 -0.7267 -0.1967
vn 0.8253 -0.5514 -0.1219
vn 0.2686 -0.2686 -0.9250
vn 0.3789 -0.3789 -0.8443
vn 0.6711 -0.2763 -0.6880
vn 0.7704 -0.3578 -0.5278
vn 0.8821 -0.2426 -0.4038
vn 0.9370 -0.2881 -0.1974
vn 0.9721 -0.1934 -0.1325
vn -0.1934 -0.9721 -0.1325
vn -0.5512 -0.8249 -0.1250
vn -0.2371 -0.9578 -0.1624
vn -0.1972 -0.8914 -0.4080
vn -0.8253 -0.5514 -0.1219
vn -0.6582 -0.7267 -0.1967
vn -0.6019 -0.6839 -0.4123
vn -0.3182 -0.8056 -0.4998
vn -0.2199 -0.6811 -0.6984
vn -0.9721 -0.1934 -0.1325
vn -0.9370 -0.2881 -0.1974
vn -0.8821 -0.2426 -0.4038
vn -0.7704 -0.3578 -0.5278
vn -0.6711 -0.2763 -0.6880
vn -0.3789 -0.3789 -0.8443
vn -0.2686 -0.2686 -0.9250
# 720 vertex normals

vt 0.1250 0.0244 0.0000
vt 0.0000 0.0244 0.0000
vt 0.0000 0.0000 0.0000
vt 0.1250 0.0000 0.0000
vt 0.2500 0.0244 0.0000
vt 0.2500 0.0000 0.0000
vt 0.3750 0.0244 0.0000
vt 0.3750 0.0000 0.0000
vt 0.5000 0.0244 0.0000
vt 0.5000 0.0000 0.0000
vt 0.6250 0.0244 0.0000
vt 0.6250 0.0000 0.0000
vt 0.7500 0.0244 0.0000
vt 0.7500 0.0000 0.0000
vt 0.8750 0.0244 0.0000
vt 0.8750 0.0000 0.0000
vt 1.0000 0.0244 0.0000
vt 1.0000 0.0000 0.0000
vt 0.1250 0.0488 0.0000
vt 0.0000 0.0488 0.0000
vt 0.2500 0.0488 0.0000
vt 0.3750 0.0488 0.0000
vt 0.5000 0.0488 0.0000
vt 0.6250 0.0488 0.0000
vt 0.7500 0.0488 0.0000
vt 0.8750 0.0488 0.0000
vt 1.0000 0.0488 0.0000
vt 0.1250 0.0732 0.0000
vt 0.0000 0.0732 0.0000
vt 0.2500 0.0732 0.0000
vt 0.3750 0.0732 0.0000
vt 0.5000 0.0732 0.0000
vt 0.6250 0.0732 0.0000
vt 0.7500 0.0732 0.0000
vt 0.8750 0.0732 0.0000
vt 1.0000 0.0732 0.0000
vt 0.1250 0.0976 0.0000
vt 0.0000 0.0976 0.0000
vt 0.2500 0.0976 0.0000
vt 0.3750 0.0976 0.0000
vt 0.5000 0.0976 0.0000
vt 0.6250 0.0976 0.0000
vt 0.7500 0.0976 0.0000
vt 0.8750 0.0976 0.0000
vt 1.0000 0.0976 0.0000
vt 0.1250 0.1220 0.0000
vt 0.0000 0.1220 0.0000
vt 0.2500 0.1220 0.0000
vt 0.3750 0.1220 0.0000
vt 0.5000 0.1220 0.0000
vt 0.6250 0.1220 0.0000
vt 0.7500 0.1220 0.0000
vt 0.8750 0.1220 0.0000
vt 1.0000 0.1220 0.0000
vt 0.1250 0.1463 0.0000
vt 0.0000 0.1463 0.0000
vt 0.2500 0.1463 0.0000
vt 0.3750 0.1463 0.0000
vt 0.5000 0.1463 0.0000
vt 0.6250 0.1463 0.0000
vt 0.7500 0.1463 0.0000
vt 0.8750 0.1463 0.0000
vt 1.0000 0.1463 0.0000
vt 0.1250 0.1707 0.0000
vt 0.0000 0.1707 0.0000
vt 0.2500 0.1707 0.0000
vt 0.3750 0.1707 0.0000
vt 0.5000 0.1707 0.0000
vt 0.6250 0.1707 0.0000
vt 0.7500 0.1707 0.0000
vt 0.8750 0.1707 0.0000
vt 1.0000 0.1707 0.0000
vt 0.1250 0.1951 0.0000
vt 0.0000 0.1951 0.0000
vt 0.2500 0.1951 0.0000
vt 0.3750 0.1951 0.0000
vt 0.5000 0.1951 0.0000
vt 0.6250 0.1951 0.0000
vt 0.7500 0.1951 0.0000
vt 0.8750 0.1951 0.0000
vt 1.0000 0.1951 0.0000
vt 0.1250 0.2195 0.0000
vt 0.0000 0.2195 0.0000
vt 0.2500 0.2195 0.0000
vt 0.3750 0.2195 0.0000
vt 0.5000 0.2195 0.0000
vt 0.6250 0.2195 0.0000
vt 0.7500 0.2195 0.0000
vt 0.8750 0.2195 0.0000
vt 1.0000 0.2195 0.0000
vt 0.1250 0.2439 0.0000
vt 0.0000 0.2439 0.0000
vt 0.2500 0.2439 0.0000
vt 0.3750 0.2439 0.0000
vt 0.5000 0.2439 0.0000
vt 0.6250 0.2439 0.0000
vt 0.7500 0.2439 0.0000
vt 0.8750 0.2439 0.0000
vt 1.0000 0.2439 0.0000
vt 0.1250 0.2683 0.0000
vt 0.0000 0.2683 0.0000
vt 0.2500 0.2683 0.0000
vt 0.3750 0.2683 0.0000
vt 0.5000 0.2683 0.0000
vt 0.6250 0.2683 0.0000
vt 0.7500 0.2683 0.0000
vt 0.8750 0.2683 0.0000
vt 1.0000 0.2683 0.0000
vt 0.1250 0.2927 0.0000
vt 0.0000 0.2927 0.0000
vt 0.2500 0.2927 0.0000
vt 0.3750 0.2927 0.0000
vt 0.5000 0.2927 0.0000
vt 0.6250 0.2927 0.0000
vt 0.7500 0.2927 0.0000
vt 0.8750 0.2927 0.0000
vt 1.0000 0.2927 0.0000
vt 0.1250 0.3171 0.0000
vt 0.0000 0.3171 0.0000
vt 0.2500 0.3171 0.0000
vt 0.3750 0.3171 0.0000
vt 0.5000 0.3171 0.0000
vt 0.6250 0.3171 0.0000
vt 0.7500 0.3171 0.0000
vt 0.8750 0.3171 0.0000
vt 1.0000 0.3171 0.0000
vt 0.1250 0.3415 0.0000
vt 0.0000 0.3415 0.0000
vt 0.2500 0.3415 0.0000
vt 0.3750 0.3415 0.0000
vt 0.5000 0.3415 0.0000
vt 0.6250 0.3415 0.0000
vt 0.7500 0.3415 0.0000
vt 0.8750 0.3415 0.0000
vt 1.0000 0.3415 0.0000
vt 0.1250 0.3659 0.0000
vt 0.0000 0.3659 0.0000
vt 0.2500 0.3659 0.0000
vt 0.3750 0.3659 0.0000
vt 0.5000 0.3659 0.0000
vt 0.6250 0.3659 0.0000
vt 0.7500 0.3659 0.0000
vt 0.8750 0.3659 0.0000
vt 1.0000 0.3659 0.0000
vt 0.1250 0.3902 0.0000
vt 0.0000 0.3902 0.0000
vt 0.2500 0.3902 0.0000
vt 0.3750 0.3902 0.0000
vt 0.5000 0.3902 0.0000
vt 0.6250 0.3902 0.0000
vt 0.7500 0.3902 0.0000
vt 0.8750 0.3902 0.0000
vt 1.0000 0.3902 0.0000
vt 0.1250 0.4146 0.0000
vt 0.0000 0.4146 0.0000
vt 0.2500 0.4146 0.0000
vt 0.3750 0.4146 0.0000
vt 0.5000 0.4146 0.0000
vt 0.6250 0.4146 0.0000
vt 0.7500 0.4146 0.0000
vt 0.8750 0.4146 0.0000
vt 1.0000 0.4146 0.0000
vt 0.1250 0.4390 0.0000
vt 0.0000 0.4390 0.0000
vt 0.2500 0.4390 0.0000
vt 0.3750 0.4390 0.0000
vt 0.5000 0.4390 0.0000
vt 0.6250 0.4390 0.0000
vt 0.7500 0.4390 0.0000
vt 0.8750 0.4390 0.0000
vt 1.0000 0.4390 0.0000
vt 0.1250 0.4634 0.0000
vt 0.0000 0.4634 0.0000
vt 0.2500 0.4634 0.0000
vt 0.3750 0.4634 0.0000
vt 0.5000 0.4634 0.0000
vt 0.6250 0.4634 0.0000
vt 0.7500 0.4634 0.0000
vt 0.8750 0.4634 0.0000
vt 1.0000 0.4634 0.0000
vt 0.1250 0.4878 0.0000
vt 0.0000 0.4878 0.0000
vt 0.2500 0.4878 0.0000
vt 0.3750 0.4878 0.0000
vt 0.5000 0.4878 0.0000
vt 0.6250 0.4878 0.0000
vt 0.7500 0.4878 0.0000
vt 0.8750 0.4878 0.0000
vt 1.0000 0.4878 0.0000
vt 0.1250 0.5122 0.0000
vt 0.0000 0.5122 0.0000
vt 0.2500 0.5122 0.0000
vt 0.3750 0.5122 0.0000
vt 0.5000 0.5122 0.0000
vt 0.6250 0.5122 0.0000
vt 0.7500 0.5122 0.0000
vt 0.8750 0.5122 0.0000
vt 1.0000 0.5122 0.0000
vt 0.1250 0.5366 0.0000
vt 0.0000 0.5366 0.0000
vt 0.2500 0.5366 0.0000
vt 0.3750 0.5366 0.0000
vt 0.5000 0.5366 0.0000
vt 0.6250 0.5366 0.0000
vt 0.7500 0.5366 0.0000
vt 0.8750 0.5366 0.0000
vt 1.0000 0.5366 0.0000
vt 0.1250 0.5610 0.0000
vt 0.0000 0.5610 0.0000
vt 0.2500 0.5610 0.0000
vt 0.3750 0.5610 0.0000
vt 0.5000 0.5610 0.0000
vt 0.6250 0.5610 0.0000
vt 0.7500 0.5610 0.0000
vt 0.8750 0.5610 0.0000
vt 1.0000 0.5610 0.0000
vt 0.1250 0.5854 0.0000
vt 0.0000 0.5854 0.0000
vt 0.2500 0.5854 0.0000
vt 0.3750 0.5854 0.0000
vt 0.5000 0.5854 0.0000
vt 0.6250 0.5854 0.0000
vt 0.7500 0.5854 0.0000
vt 0.8750 0.5854 0.0000
vt 1.0000 0.5854 0.0000
vt 0.1250 0.6098 0.0000
vt 0.0000 0.6098 0.0000
vt 0.2500 0.6098 0.0000
vt 0.3750 0.6098 0.0000
vt 0.5000 0.6098 0.0000
vt 0.6250 0.6098 0.0000
vt 0.7500 0.6098 0.0000
vt 0.8750 0.6098 0.0000
vt 1.0000 0.6098 0.0000
vt 0.1250 0.6341 0.0000
vt 0.0000 0.6341 0.0000
vt 0.2500 0.6341 0.0000
vt 0.3750 0.6341 0.0000
vt 0.5000 0.6341 0.0000
vt 0.6250 0.6341 0.0000
vt 0.7500 0.6341 0.0000
vt 0.8750 0.6341 0.0000
vt 1.0000 0.6341 0.0000
vt 0.1250 0.6585 0.0000
vt 0.0000 0.6585 0.0000
vt 0.2500 0.6585 0.0000
vt 0.3750 0.6585 0.0000
vt 0.5000 0.6585 0.0000
vt 0.6250 0.6585 0.0000
vt 0.7500 0.6585 0.0000
vt 0.8750 0.6585 0.0000
vt 1.0000 0.6585 0.0000
vt 0.1250 0.6829 0.0000
vt 0.0000 0.6829 0.0000
vt 0.2500 0.6829 0.0000
vt 0.3750 0.6829 0.0000
vt 0.5000 0.6829 0.0000
vt 0.6250 0.6829 0.0000
vt 0.7500 0.6829 0.0000
vt 0.8750 0.6829 0.0000
vt 1.0000 0.6829 0.0000
vt 0.1250 0.7073 0.0000
vt 0.0000 0.7073 0.0000
vt 0.2500 0.7073 0.0000
vt 0.3750 0.7073 0.0000
vt 0.5000 0.7073 0.0000
vt 0.6250 0.7073 0.0000
vt 0.7500 0.7073 0.0000
vt 0.8750 0.7073 0.0000
vt 1.0000 0.7073 0.0000
vt 0.1250 0.7317 0.0000
vt 0.0000 0.7317 0.0000
vt 0.2500 0.7317 0.0000
vt 0.3750 0.7317 0.0000
vt 0.5000 0.7317 0.0000
vt 0.6250 0.7317 0.0000
vt 0.7500 0.7317 0.0000
vt 0.8750 0.7317 0.0000
vt 1.0000 0.7317 0.0000
vt 0.1250 0.7561 0.0000
vt 0.0000 0.7561 0.0000
vt 0.2500 0.7561 0.0000
vt 0.3750 0.7561 0.0000
vt 0.5000 0.7561 0.0000
vt 0.6250 0.7561 0.0000
vt 0.7500 0.7561 0.0000
vt 0.8750 0.7561 0.0000
vt 1.0000 0.7561 0.0000
vt 0.1250 0.7805 0.0000
vt 0.0000 0.7805 0.0000
vt 0.2500 0.7805 0.0000
vt 0.3750 0.7805 0.0000
vt 0.5000 0.7805 0.0000
vt 0.6250 0.7805 0.0000
vt 0.7500 0.7805 0.0000
vt 0.8750 0.7805 0.0000
vt 1.0000 0.7805 0.0000
vt 0.1250 0.8049 0.0000
vt 0.0000 0.8049 0.0000
vt 0.2500 0.8049 0.0000
vt 0.3750 0.8049 0.0000
vt 0.5000 0.8049 0.0000
vt 0.6250 0.8049 0.0000
vt 0.7500 0.8049 0.0000
vt 0.8750 0.8049 0.0000
vt 1.0000 0.8049 0.0000
vt 0.1250 0.8293 0.0000
vt 0.0000 0.8293 0.0000
vt 0.2500 0.8293 0.0000
vt 0.3750 0.8293 0.0000
vt 0.5000 0.8293 0.0000
vt 0.6250 0.8293 0.0000
vt 0.7500 0.8293 0.0000
vt 0.8750 0.8293 0.0000
vt 1.0000 0.8293 0.0000
vt 0.1250 0.8537 0.0000
vt 0.0000 0.8537 0.0000
vt 0.2500 0.8537 0.0000
vt 0.3750 0.8537 0.0000
vt 0.5000 0.8537 0.0000
vt 0.6250 0.8537 0.0000
vt 0.7500 0.8537 0.0000
vt 0.8750 0.8537 0.0000
vt 1.0000 0.8537 0.0000
vt 0.1250 0.8780 0.0000
vt 0.0000 0.8780 0.0000
vt 0.2500 0.8780 0.0000
vt 0.3750 0.8780 0.0000
vt 0.5000 0.8780 0.0000
vt 0.6250 0.8780 0.0000
vt 0.7500 0.8780 0.0000
vt 0.8750 0.8780 0.0000
vt 1.0000 0.8780 0.0000
vt 0.1250 0.9024 0.0000
vt 0.0000 0.9024 0.0000
vt 0.2500 0.9024 0.0000
vt 0.3750 0.9024 0.0000
vt 0.5000 0.9024 0.0000
vt 0.6250 0.9024 0.0000
vt 0.7500 0.9024 0.0000
vt 0.8750 0.9024 0.0000
vt 1.0000 0.9024 0.0000
vt 0.1250 0.9268 0.0000
vt 0.0000 0.9268 0.0000
vt 0.2500 0.9268 0.0000
vt 0.3750 0.9268 0.0000
vt 0.5000 0.9268 0.0000
vt 0.6250 0.9268 0.0000
vt 0.7500 0.9268 0.0000
vt 0.8750 0.9268 0.0000
vt 1.0000 0.9268 0.0000
vt 0.1250 0.9512 0.0000
vt 0.0000 0.9512 0.0000
vt 0.2500 0.9512 0.0000
vt 0.3750 0.9512 0.0000
vt 0.5000 0.9512 0.0000
vt 0.6250 0.9512 0.0000
vt 0.7500 0.9512 0.0000
vt 0.8750 0.9512 0.0000
vt 1.0000 0.9512 0.0000
vt 0.1250 0.9756 0.0000
vt 0.0000 0.9756 0.0000
vt 0.2500 0.9756 0.0000
vt 0.3750 0.9756 0.0000
vt 0.5000 0.9756 0.0000
vt 0.6250 0.9756 0.0000
vt 0.7500 0.9756 0.0000
vt 0.8750 0.9756 0.0000
vt 1.0000 0.9756 0.0000
vt 0.1250 1.0000 0.0000
vt 0.0000 1.0000 0.0000
vt 0.2500 1.0000 0.0000
vt 0.3750 1.0000 0.0000
vt 0.5000 1.0000 0.0000
vt 0.6250 1.0000 0.0000
vt 0.7500 1.0000 0.0000
vt 0.8750 1.0000 0.0000
vt 1.0000 1.0000 0.0000
vt 0.0000 0.2500 0.0000
vt 1.0000 0.2500 0.0000
vt 1.0000 0.5000 0.0000
vt 0.0000 0.5000 0.0000
vt 0.0000 0.7500 0.0000
vt 1.0000 0.7500 0.0000
vt 0.0269 0.9566 0.0000
vt 0.0269 0.0434 0.0000
vt 0.9731 0.0434 0.0000
vt 0.9731 0.9566 0.0000
vt 0.0269 0.9783 0.0000
vt 0.0202 0.9754 0.0000
vt 0.0153 0.9674 0.0000
vt 0.0135 0.9566 0.0000
vt 0.0135 0.0434 0.0000
vt 0.0153 0.0326 0.0000
vt 0.0202 0.0246 0.0000
vt 0.0269 0.0217 0.0000
vt 0.9731 0.0217 0.0000
vt 0.9798 0.0246 0.0000
vt 0.9847 0.0326 0.0000
vt 0.9865 0.0434 0.0000
vt 0.9865 0.9566 0.0000
vt 0.9847 0.9674 0.0000
vt 0.9798 0.9754 0.0000
vt 0.9731 0.9783 0.0000
vt 0.0269 0.9942 0.0000
vt 0.0153 0.9891 0.0000
vt 0.0067 0.9754 0.0000
vt 0.0036 0.9566 0.0000
vt 0.0036 0.0434 0.0000
vt 0.0067 0.0246 0.0000
vt 0.0153 0.0109 0.0000
vt 0.0269 0.0058 0.0000
vt 0.9731 0.0058 0.0000
vt 0.9847 0.0109 0.0000
vt 0.9933 0.0246 0.0000
vt 0.9964 0.0434 0.0000
vt 0.9964 0.9566 0.0000
vt 0.9933 0.9754 0.0000
vt 0.9847 0.9891 0.0000
vt 0.9731 0.9942 0.0000
vt 0.0269 1.0000 0.0000
vt 0.0135 0.9942 0.0000
vt 0.0036 0.9783 0.0000
vt 0.0000 0.9566 0.0000
vt 0.0000 0.0434 0.0000
vt 0.0036 0.0217 0.0000
vt 0.0135 0.0058 0.0000
vt 0.0269 0.0000 0.0000
vt 0.9731 0.0000 0.0000
vt 0.9865 0.0058 0.0000
vt 0.9964 0.0217 0.0000
vt 1.0000 0.0434 0.0000
vt 1.0000 0.9566 0.0000
vt 0.9964 0.9783 0.0000
vt 0.9865 0.9942 0.0000
vt 0.9731 1.0000 0.0000
vt 0.0042 0.0000 0.0000
vt 0.0042 1.0000 0.0000
vt 0.0084 0.0000 0.0000
vt 0.0084 1.0000 0.0000
vt 0.0127 0.0000 0.0000
vt 0.0127 1.0000 0.0000
vt 0.1842 0.0000 0.0000
vt 0.1842 1.0000 0.0000
vt 0.1885 0.0000 0.0000
vt 0.1885 1.0000 0.0000
vt 0.1927 0.0000 0.0000
vt 0.1927 1.0000 0.0000
vt 0.1969 0.0000 0.0000
vt 0.1969 1.0000 0.0000
vt 0.4837 0.0000 0.0000
vt 0.4837 1.0000 0.0000
vt 0.4879 0.0000 0.0000
vt 0.4879 1.0000 0.0000
vt 0.4921 0.0000 0.0000
vt 0.4921 1.0000 0.0000
vt 0.4964 0.0000 0.0000
vt 0.4964 1.0000 0.0000
vt 0.6679 0.0000 0.0000
vt 0.6679 1.0000 0.0000
vt 0.6721 0.0000 0.0000
vt 0.6721 1.0000 0.0000
vt 0.6764 0.0000 0.0000
vt 0.6764 1.0000 0.0000
vt 0.6806 0.0000 0.0000
vt 0.6806 1.0000 0.0000
vt 0.2500 0.7500 0.0000
vt 0.2500 0.2500 0.0000
vt 0.7500 0.2500 0.0000
vt 0.7500 0.7500 0.0000
vt 0.2500 0.8750 0.0000
vt 0.1875 0.8583 0.0000
vt 0.1417 0.8125 0.0000
vt 0.1250 0.7500 0.0000
vt 0.1250 0.2500 0.0000
vt 0.1417 0.1875 0.0000
vt 0.1875 0.1417 0.0000
vt 0.2500 0.1250 0.0000
vt 0.7500 0.1250 0.0000
vt 0.8125 0.1417 0.0000
vt 0.8583 0.1875 0.0000
vt 0.8750 0.2500 0.0000
vt 0.8750 0.7500 0.0000
vt 0.8583 0.8125 0.0000
vt 0.8125 0.8583 0.0000
vt 0.7500 0.8750 0.0000
vt 0.2500 0.9665 0.0000
vt 0.1417 0.9375 0.0000
vt 0.0625 0.8583 0.0000
vt 0.0335 0.7500 0.0000
vt 0.0335 0.2500 0.0000
vt 0.0625 0.1417 0.0000
vt 0.1417 0.0625 0.0000
vt 0.2500 0.0335 0.0000
vt 0.7500 0.0335 0.0000
vt 0.8583 0.0625 0.0000
vt 0.9375 0.1417 0.0000
vt 0.9665 0.2500 0.0000
vt 0.9665 0.7500 0.0000
vt 0.9375 0.8583 0.0000
vt 0.8583 0.9375 0.0000
vt 0.7500 0.9665 0.0000
vt 0.1250 0.9665 0.0000
vt 0.0335 0.8750 0.0000
vt 0.0335 0.1250 0.0000
vt 0.1250 0.0335 0.0000
vt 0.8750 0.0335 0.0000
vt 0.9665 0.1250 0.0000
vt 0.9665 0.8750 0.0000
vt 0.8750 0.9665 0.0000
vt 0.0284 0.0000 0.0000
vt 0.0284 1.0000 0.0000
vt 0.0568 0.0000 0.0000
vt 0.0568 1.0000 0.0000
vt 0.0853 0.0000 0.0000
vt 0.0853 1.0000 0.0000
vt 0.1951 0.0000 0.0000
vt 0.1951 1.0000 0.0000
vt 0.2235 0.0000 0.0000
vt 0.2235 1.0000 0.0000
vt 0.2519 0.0000 0.0000
vt 0.2519 1.0000 0.0000
vt 0.2804 0.0000 0.0000
vt 0.2804 1.0000 0.0000
vt 0.3902 0.0000 0.0000
vt 0.3902 1.0000 0.0000
vt 0.4186 0.0000 0.0000
vt 0.4186 1.0000 0.0000
vt 0.4470 0.0000 0.0000
vt 0.4470 1.0000 0.0000
vt 0.4755 0.0000 0.0000
vt 0.4755 1.0000 0.0000
vt 0.5853 0.0000 0.0000
vt 0.5853 1.0000 0.0000
vt 0.6137 0.0000 0.0000
vt 0.6137 1.0000 0.0000
vt 0.6421 0.0000 0.0000
vt 0.6421 1.0000 0.0000
vt 0.6705 0.0000 0.0000
vt 0.6705 1.0000 0.0000
vt 0.1464 0.8536 0.0000
vt 0.8536 0.8536 0.0000
vt 0.8536 0.1464 0.0000
vt 0.1464 0.1464 0.0000
vt 0.5000 0.8750 0.0000
vt 0.5000 0.7500 0.0000
vt 0.6250 0.8041 0.0000
vt 0.5000 0.6250 0.0000
vt 0.5815 0.6635 0.0000
vt 0.6685 0.6635 0.0000
vt 0.7500 0.6250 0.0000
vt 0.5000 0.5000 0.0000
vt 0.5625 0.5000 0.0000
vt 0.6250 0.5000 0.0000
vt 0.6875 0.5000 0.0000
vt 0.7500 0.5000 0.0000
vt 1.0000 0.8750 0.0000
vt 0.8750 0.8041 0.0000
vt 0.8315 0.6635 0.0000
vt 0.9185 0.6635 0.0000
vt 1.0000 0.6250 0.0000
vt 0.8125 0.5000 0.0000
vt 0.8750 0.5000 0.0000
vt 0.9375 0.5000 0.0000
vt 0.0000 0.8750 0.0000
vt 0.1250 0.8041 0.0000
vt 0.0000 0.6250 0.0000
vt 0.0815 0.6635 0.0000
vt 0.1685 0.6635 0.0000
vt 0.2500 0.6250 0.0000
vt 0.0625 0.5000 0.0000
vt 0.1250 0.5000 0.0000
vt 0.1875 0.5000 0.0000
vt 0.2500 0.5000 0.0000
vt 0.3750 0.8041 0.0000
vt 0.3315 0.6635 0.0000
vt 0.4185 0.6635 0.0000
vt 0.3125 0.5000 0.0000
vt 0.3750 0.5000 0.0000
vt 0.4375 0.5000 0.0000
vt 0.5000 0.1250 0.0000
vt 0.6250 0.1959 0.0000
vt 0.5000 0.2500 0.0000
vt 0.7500 0.3750 0.0000
vt 0.6685 0.3365 0.0000
vt 0.5815 0.3365 0.0000
vt 0.5000 0.3750 0.0000
vt 1.0000 0.1250 0.0000
vt 0.8750 0.1959 0.0000
vt 1.0000 0.3750 0.0000
vt 0.9185 0.3365 0.0000
vt 0.8315 0.3365 0.0000
vt 0.0000 0.1250 0.0000
vt 0.1250 0.1959 0.0000
vt 0.2500 0.3750 0.0000
vt 0.1685 0.3365 0.0000
vt 0.0815 0.3365 0.0000
vt 0.0000 0.3750 0.0000
vt 0.3750 0.1959 0.0000
vt 0.4185 0.3365 0.0000
vt 0.3315 0.3365 0.0000
# 601 texture coords

g Tube002
usemtl 07___Default
s off
f 1/1/1 2/2/1 3/3/1 4/4/1 
f 5/5/2 1/1/2 4/4/2 6/6/2 
usemtl 13___Default
f 7/7/2 5/5/2 6/6/2 8/8/2 
f 9/9/2 7/7/2 8/8/2 10/10/2 
usemtl 07___Default
f 11/11/3 9/9/3 10/10/3 12/12/3 
usemtl 01___Default
f 13/13/4 14/11/4 15/12/4 16/14/4 
usemtl 07___Default
f 17/15/4 18/13/4 19/14/4 20/16/4 
f 2/17/4 17/15/4 20/16/4 3/18/4 
f 21/19/5 22/20/5 2/2/5 1/1/5 
f 23/21/2 21/19/2 1/1/2 5/5/2 
usemtl 13___Default
f 24/22/2 23/21/2 5/5/2 7/7/2 
f 25/23/2 24/22/2 7/7/2 9/9/2 
usemtl 07___Default
f 26/24/6 25/23/6 9/9/6 11/11/6 
usemtl 01___Default
f 27/25/4 28/24/4 14/11/4 13/13/4 
usemtl 07___Default
f 29/26/4 30/25/4 18/13/4 17/15/4 
f 22/27/4 29/26/4 17/15/4 2/17/4 
f 31/28/7 32/29/7 22/20/7 21/19/7 
f 33/30/2 31/28/2 21/19/2 23/21/2 
usemtl 13___Default
f 34/31/2 33/30/2 23/21/2 24/22/2 
f 35/32/2 34/31/2 24/22/2 25/23/2 
usemtl 07___Default
f 36/33/8 35/32/8 25/23/8 26/24/8 
usemtl 01___Default
f 37/34/4 38/33/4 28/24/4 27/25/4 
usemtl 07___Default
f 39/35/4 40/34/4 30/25/4 29/26/4 
f 32/36/4 39/35/4 29/26/4 22/27/4 
f 41/37/9 42/38/9 32/29/9 31/28/9 
f 43/39/2 41/37/2 31/28/2 33/30/2 
usemtl 13___Default
f 44/40/2 43/39/2 33/30/2 34/31/2 
f 45/41/2 44/40/2 34/31/2 35/32/2 
usemtl 07___Default
f 46/42/10 45/41/10 35/32/10 36/33/10 
usemtl 01___Default
f 47/43/4 48/42/4 38/33/4 37/34/4 
usemtl 07___Default
f 49/44/4 50/43/4 40/34/4 39/35/4 
f 42/45/4 49/44/4 39/35/4 32/36/4 
f 51/46/11 52/47/11 42/38/11 41/37/11 
f 53/48/2 51/46/2 41/37/2 43/39/2 
usemtl 13___Default
f 54/49/2 53/48/2 43/39/2 44/40/2 
f 55/50/2 54/49/2 44/40/2 45/41/2 
usemtl 07___Default
f 56/51/12 55/50/12 45/41/12 46/42/12 
usemtl 01___Default
f 57/52/4 58/51/4 48/42/4 47/43/4 
usemtl 07___Default
f 59/53/4 60/52/4 50/43/4 49/44/4 
f 52/54/4 59/53/4 49/44/4 42/45/4 
f 61/55/13 62/56/13 52/47/13 51/46/13 
f 63/57/2 61/55/2 51/46/2 53/48/2 
usemtl 13___Default
f 64/58/2 63/57/2 53/48/2 54/49/2 
f 65/59/2 64/58/2 54/49/2 55/50/2 
usemtl 07___Default
f 66/60/14 65/59/14 55/50/14 56/51/14 
usemtl 01___Default
f 67/61/4 68/60/4 58/51/4 57/52/4 
usemtl 07___Default
f 69/62/4 70/61/4 60/52/4 59/53/4 
f 62/63/4 69/62/4 59/53/4 52/54/4 
f 71/64/15 72/65/15 62/56/15 61/55/15 
f 73/66/2 71/64/2 61/55/2 63/57/2 
usemtl 13___Default
f 74/67/2 73/66/2 63/57/2 64/58/2 
f 75/68/2 74/67/2 64/58/2 65/59/2 
usemtl 07___Default
f 76/69/16 75/68/16 65/59/16 66/60/16 
usemtl 01___Default
f 77/70/4 78/69/4 68/60/4 67/61/4 
usemtl 07___Default
f 79/71/4 80/70/4 70/61/4 69/62/4 
f 72/72/4 79/71/4 69/62/4 62/63/4 
f 81/73/17 82/74/17 72/65/17 71/64/17 
f 83/75/2 81/73/2 71/64/2 73/66/2 
usemtl 13___Default
f 84/76/2 83/75/2 73/66/2 74/67/2 
f 85/77/2 84/76/2 74/67/2 75/68/2 
usemtl 07___Default
f 86/78/18 85/77/18 75/68/18 76/69/18 
usemtl 01___Default
f 87/79/4 88/78/4 78/69/4 77/70/4 
usemtl 07___Default
f 89/80/4 90/79/4 80/70/4 79/71/4 
f 82/81/4 89/80/4 79/71/4 72/72/4 
f 91/82/19 92/83/19 82/74/19 81/73/19 
f 93/84/2 91/82/2 81/73/2 83/75/2 
usemtl 13___Default
f 94/85/2 93/84/2 83/75/2 84/76/2 
f 95/86/2 94/85/2 84/76/2 85/77/2 
usemtl 07___Default
f 96/87/20 95/86/20 85/77/20 86/78/20 
usemtl 01___Default
f 97/88/4 98/87/4 88/78/4 87/79/4 
usemtl 07___Default
f 99/89/4 100/88/4 90/79/4 89/80/4 
f 92/90/4 99/89/4 89/80/4 82/81/4 
f 101/91/21 102/92/21 92/83/21 91/82/21 
f 103/93/2 101/91/2 91/82/2 93/84/2 
usemtl 13___Default
f 104/94/2 103/93/2 93/84/2 94/85/2 
f 105/95/2 104/94/2 94/85/2 95/86/2 
usemtl 07___Default
f 106/96/22 105/95/22 95/86/22 96/87/22 
usemtl 01___Default
f 107/97/4 108/96/4 98/87/4 97/88/4 
usemtl 07___Default
f 109/98/4 110/97/4 100/88/4 99/89/4 
f 102/99/4 109/98/4 99/89/4 92/90/4 
f 111/100/23 112/101/23 102/92/23 101/91/23 
f 113/102/2 111/100/2 101/91/2 103/93/2 
usemtl 13___Default
f 114/103/2 113/102/2 103/93/2 104/94/2 
f 115/104/2 114/103/2 104/94/2 105/95/2 
usemtl 07___Default
f 116/105/24 115/104/24 105/95/24 106/96/24 
usemtl 01___Default
f 117/106/4 118/105/4 108/96/4 107/97/4 
usemtl 07___Default
f 119/107/4 120/106/4 110/97/4 109/98/4 
f 112/108/4 119/107/4 109/98/4 102/99/4 
f 121/109/25 122/110/25 112/101/25 111/100/25 
f 123/111/2 121/109/2 111/100/2 113/102/2 
usemtl 13___Default
f 124/112/2 123/111/2 113/102/2 114/103/2 
f 125/113/2 124/112/2 114/103/2 115/104/2 
usemtl 07___Default
f 126/114/26 125/113/26 115/104/26 116/105/26 
usemtl 01___Default
f 127/115/4 128/114/4 118/105/4 117/106/4 
usemtl 07___Default
f 129/116/4 130/115/4 120/106/4 119/107/4 
f 122/117/4 129/116/4 119/107/4 112/108/4 
f 131/118/27 132/119/27 122/110/27 121/109/27 
f 133/120/2 131/118/2 121/109/2 123/111/2 
usemtl 13___Default
f 134/121/2 133/120/2 123/111/2 124/112/2 
f 135/122/2 134/121/2 124/112/2 125/113/2 
usemtl 07___Default
f 136/123/28 135/122/28 125/113/28 126/114/28 
usemtl 01___Default
f 137/124/4 138/123/4 128/114/4 127/115/4 
usemtl 07___Default
f 139/125/4 140/124/4 130/115/4 129/116/4 
f 132/126/4 139/125/4 129/116/4 122/117/4 
f 141/127/29 142/128/29 132/119/29 131/118/29 
f 143/129/2 141/127/2 131/118/2 133/120/2 
usemtl 13___Default
f 144/130/2 143/129/2 133/120/2 134/121/2 
f 145/131/2 144/130/2 134/121/2 135/122/2 
usemtl 07___Default
f 146/132/30 145/131/30 135/122/30 136/123/30 
usemtl 01___Default
f 147/133/4 148/132/4 138/123/4 137/124/4 
usemtl 07___Default
f 149/134/4 150/133/4 140/124/4 139/125/4 
f 142/135/4 149/134/4 139/125/4 132/126/4 
f 151/136/31 152/137/31 142/128/31 141/127/31 
f 153/138/2 151/136/2 141/127/2 143/129/2 
usemtl 13___Default
f 154/139/2 153/138/2 143/129/2 144/130/2 
f 155/140/2 154/139/2 144/130/2 145/131/2 
usemtl 07___Default
f 156/141/32 155/140/32 145/131/32 146/132/32 
usemtl 01___Default
f 157/142/4 158/141/4 148/132/4 147/133/4 
usemtl 07___Default
f 159/143/4 160/142/4 150/133/4 149/134/4 
f 152/144/4 159/143/4 149/134/4 142/135/4 
f 161/145/33 162/146/33 152/137/33 151/136/33 
f 163/147/2 161/145/2 151/136/2 153/138/2 
usemtl 13___Default
f 164/148/2 163/147/2 153/138/2 154/139/2 
f 165/149/2 164/148/2 154/139/2 155/140/2 
usemtl 07___Default
f 166/150/34 165/149/34 155/140/34 156/141/34 
usemtl 01___Default
f 167/151/4 168/150/4 158/141/4 157/142/4 
usemtl 07___Default
f 169/152/4 170/151/4 160/142/4 159/143/4 
f 162/153/4 169/152/4 159/143/4 152/144/4 
f 171/154/35 172/155/35 162/146/35 161/145/35 
f 173/156/2 171/154/2 161/145/2 163/147/2 
usemtl 13___Default
f 174/157/2 173/156/2 163/147/2 164/148/2 
f 175/158/2 174/157/2 164/148/2 165/149/2 
usemtl 07___Default
f 176/159/36 175/158/36 165/149/36 166/150/36 
usemtl 01___Default
f 177/160/4 178/159/4 168/150/4 167/151/4 
usemtl 07___Default
f 179/161/4 180/160/4 170/151/4 169/152/4 
f 172/162/4 179/161/4 169/152/4 162/153/4 
f 181/163/37 182/164/37 172/155/37 171/154/37 
f 183/165/2 181/163/2 171/154/2 173/156/2 
usemtl 13___Default
f 184/166/2 183/165/2 173/156/2 174/157/2 
f 185/167/2 184/166/2 174/157/2 175/158/2 
usemtl 07___Default
f 186/168/38 185/167/38 175/158/38 176/159/38 
usemtl 01___Default
f 187/169/4 188/168/4 178/159/4 177/160/4 
usemtl 07___Default
f 189/170/4 190/169/4 180/160/4 179/161/4 
f 182/171/4 189/170/4 179/161/4 172/162/4 
f 191/172/39 192/173/39 182/164/39 181/163/39 
f 193/174/2 191/172/2 181/163/2 183/165/2 
usemtl 13___Default
f 194/175/2 193/174/2 183/165/2 184/166/2 
f 195/176/2 194/175/2 184/166/2 185/167/2 
usemtl 07___Default
f 196/177/40 195/176/40 185/167/40 186/168/40 
usemtl 01___Default
f 197/178/4 198/177/4 188/168/4 187/169/4 
usemtl 07___Default
f 199/179/4 200/178/4 190/169/4 189/170/4 
f 192/180/4 199/179/4 189/170/4 182/171/4 
f 201/181/41 202/182/41 192/173/41 191/172/41 
f 203/183/2 201/181/2 191/172/2 193/174/2 
usemtl 13___Default
f 204/184/2 203/183/2 193/174/2 194/175/2 
f 205/185/2 204/184/2 194/175/2 195/176/2 
usemtl 07___Default
f 206/186/42 205/185/42 195/176/42 196/177/42 
usemtl 01___Default
f 207/187/4 208/186/4 198/177/4 197/178/4 
usemtl 07___Default
f 209/188/4 210/187/4 200/178/4 199/179/4 
f 202/189/4 209/188/4 199/179/4 192/180/4 
f 211/190/43 212/191/43 202/182/43 201/181/43 
f 213/192/2 211/190/2 201/181/2 203/183/2 
usemtl 13___Default
f 214/193/2 213/192/2 203/183/2 204/184/2 
f 215/194/2 214/193/2 204/184/2 205/185/2 
usemtl 07___Default
f 216/195/44 215/194/44 205/185/44 206/186/44 
usemtl 01___Default
f 217/196/4 218/195/4 208/186/4 207/187/4 
usemtl 07___Default
f 219/197/4 220/196/4 210/187/4 209/188/4 
f 212/198/4 219/197/4 209/188/4 202/189/4 
f 221/199/45 222/200/45 212/191/45 211/190/45 
f 223/201/2 221/199/2 211/190/2 213/192/2 
usemtl 13___Default
f 224/202/2 223/201/2 213/192/2 214/193/2 
f 225/203/2 224/202/2 214/193/2 215/194/2 
usemtl 07___Default
f 226/204/46 225/203/46 215/194/46 216/195/46 
usemtl 01___Default
f 227/205/4 228/204/4 218/195/4 217/196/4 
usemtl 07___Default
f 229/206/4 230/205/4 220/196/4 219/197/4 
f 222/207/4 229/206/4 219/197/4 212/198/4 
f 231/208/47 232/209/47 222/200/47 221/199/47 
f 233/210/2 231/208/2 221/199/2 223/201/2 
usemtl 13___Default
f 234/211/2 233/210/2 223/201/2 224/202/2 
f 235/212/2 234/211/2 224/202/2 225/203/2 
usemtl 07___Default
f 236/213/48 235/212/48 225/203/48 226/204/48 
usemtl 01___Default
f 237/214/4 238/213/4 228/204/4 227/205/4 
usemtl 07___Default
f 239/215/4 240/214/4 230/205/4 229/206/4 
f 232/216/4 239/215/4 229/206/4 222/207/4 
f 241/217/49 242/218/49 232/209/49 231/208/49 
f 243/219/2 241/217/2 231/208/2 233/210/2 
usemtl 13___Default
f 244/220/2 243/219/2 233/210/2 234/211/2 
f 245/221/2 244/220/2 234/211/2 235/212/2 
usemtl 07___Default
f 246/222/50 245/221/50 235/212/50 236/213/50 
usemtl 01___Default
f 247/223/4 248/222/4 238/213/4 237/214/4 
usemtl 07___Default
f 249/224/4 250/223/4 240/214/4 239/215/4 
f 242/225/4 249/224/4 239/215/4 232/216/4 
f 251/226/51 252/227/51 242/218/51 241/217/51 
f 253/228/2 251/226/2 241/217/2 243/219/2 
usemtl 13___Default
f 254/229/2 253/228/2 243/219/2 244/220/2 
f 255/230/2 254/229/2 244/220/2 245/221/2 
usemtl 07___Default
f 256/231/52 255/230/52 245/221/52 246/222/52 
usemtl 01___Default
f 257/232/4 258/231/4 248/222/4 247/223/4 
usemtl 07___Default
f 259/233/4 260/232/4 250/223/4 249/224/4 
f 252/234/4 259/233/4 249/224/4 242/225/4 
f 261/235/53 262/236/53 252/227/53 251/226/53 
f 263/237/2 261/235/2 251/226/2 253/228/2 
usemtl 13___Default
f 264/238/2 263/237/2 253/228/2 254/229/2 
f 265/239/2 264/238/2 254/229/2 255/230/2 
usemtl 07___Default
f 266/240/54 265/239/54 255/230/54 256/231/54 
usemtl 01___Default
f 267/241/4 268/240/4 258/231/4 257/232/4 
usemtl 07___Default
f 269/242/4 270/241/4 260/232/4 259/233/4 
f 262/243/4 269/242/4 259/233/4 252/234/4 
f 271/244/55 272/245/55 262/236/55 261/235/55 
f 273/246/2 271/244/2 261/235/2 263/237/2 
usemtl 13___Default
f 274/247/2 273/246/2 263/237/2 264/238/2 
f 275/248/2 274/247/2 264/238/2 265/239/2 
usemtl 07___Default
f 276/249/56 275/248/56 265/239/56 266/240/56 
usemtl 01___Default
f 277/250/4 278/249/4 268/240/4 267/241/4 
usemtl 07___Default
f 279/251/4 280/250/4 270/241/4 269/242/4 
f 272/252/4 279/251/4 269/242/4 262/243/4 
f 281/253/57 282/254/57 272/245/57 271/244/57 
f 283/255/2 281/253/2 271/244/2 273/246/2 
usemtl 13___Default
f 284/256/2 283/255/2 273/246/2 274/247/2 
f 285/257/2 284/256/2 274/247/2 275/248/2 
usemtl 07___Default
f 286/258/58 285/257/58 275/248/58 276/249/58 
usemtl 01___Default
f 287/259/4 288/258/4 278/249/4 277/250/4 
usemtl 07___Default
f 289/260/4 290/259/4 280/250/4 279/251/4 
f 282/261/4 289/260/4 279/251/4 272/252/4 
f 291/262/59 292/263/59 282/254/59 281/253/59 
f 293/264/2 291/262/2 281/253/2 283/255/2 
usemtl 13___Default
f 294/265/2 293/264/2 283/255/2 284/256/2 
f 295/266/2 294/265/2 284/256/2 285/257/2 
usemtl 07___Default
f 296/267/60 295/266/60 285/257/60 286/258/60 
usemtl 01___Default
f 297/268/4 298/267/4 288/258/4 287/259/4 
usemtl 07___Default
f 299/269/4 300/268/4 290/259/4 289/260/4 
f 292/270/4 299/269/4 289/260/4 282/261/4 
f 301/271/61 302/272/61 292/263/61 291/262/61 
f 303/273/2 301/271/2 291/262/2 293/264/2 
usemtl 13___Default
f 304/274/2 303/273/2 293/264/2 294/265/2 
f 305/275/2 304/274/2 294/265/2 295/266/2 
usemtl 07___Default
f 306/276/62 305/275/62 295/266/62 296/267/62 
usemtl 01___Default
f 307/277/4 308/276/4 298/267/4 297/268/4 
usemtl 07___Default
f 309/278/4 310/277/4 300/268/4 299/269/4 
f 302/279/4 309/278/4 299/269/4 292/270/4 
f 311/280/63 312/281/63 302/272/63 301/271/63 
f 313/282/2 311/280/2 301/271/2 303/273/2 
usemtl 13___Default
f 314/283/2 313/282/2 303/273/2 304/274/2 
f 315/284/2 314/283/2 304/274/2 305/275/2 
usemtl 07___Default
f 316/285/64 315/284/64 305/275/64 306/276/64 
usemtl 01___Default
f 317/286/4 318/285/4 308/276/4 307/277/4 
usemtl 07___Default
f 319/287/4 320/286/4 310/277/4 309/278/4 
f 312/288/4 319/287/4 309/278/4 302/279/4 
f 321/289/65 322/290/65 312/281/65 311/280/65 
f 323/291/2 321/289/2 311/280/2 313/282/2 
usemtl 13___Default
f 324/292/2 323/291/2 313/282/2 314/283/2 
f 325/293/2 324/292/2 314/283/2 315/284/2 
usemtl 07___Default
f 326/294/66 325/293/66 315/284/66 316/285/66 
usemtl 01___Default
f 327/295/4 328/294/4 318/285/4 317/286/4 
usemtl 07___Default
f 329/296/4 330/295/4 320/286/4 319/287/4 
f 322/297/4 329/296/4 319/287/4 312/288/4 
f 331/298/67 332/299/67 322/290/67 321/289/67 
f 333/300/2 331/298/2 321/289/2 323/291/2 
usemtl 13___Default
f 334/301/2 333/300/2 323/291/2 324/292/2 
f 335/302/2 334/301/2 324/292/2 325/293/2 
usemtl 07___Default
f 336/303/68 335/302/68 325/293/68 326/294/68 
usemtl 01___Default
f 337/304/4 338/303/4 328/294/4 327/295/4 
usemtl 07___Default
f 339/305/4 340/304/4 330/295/4 329/296/4 
f 332/306/4 339/305/4 329/296/4 322/297/4 
f 341/307/69 342/308/69 332/299/69 331/298/69 
f 343/309/2 341/307/2 331/298/2 333/300/2 
usemtl 13___Default
f 344/310/2 343/309/2 333/300/2 334/301/2 
f 345/311/2 344/310/2 334/301/2 335/302/2 
usemtl 07___Default
f 346/312/70 345/311/70 335/302/70 336/303/70 
usemtl 01___Default
f 347/313/4 348/312/4 338/303/4 337/304/4 
usemtl 07___Default
f 349/314/4 350/313/4 340/304/4 339/305/4 
f 342/315/4 349/314/4 339/305/4 332/306/4 
f 351/316/71 352/317/71 342/308/71 341/307/71 
f 353/318/2 351/316/2 341/307/2 343/309/2 
usemtl 13___Default
f 354/319/2 353/318/2 343/309/2 344/310/2 
f 355/320/2 354/319/2 344/310/2 345/311/2 
usemtl 07___Default
f 356/321/72 355/320/72 345/311/72 346/312/72 
usemtl 01___Default
f 357/322/4 358/321/4 348/312/4 347/313/4 
usemtl 07___Default
f 359/323/4 360/322/4 350/313/4 349/314/4 
f 352/324/4 359/323/4 349/314/4 342/315/4 
f 361/325/73 362/326/73 352/317/73 351/316/73 
f 363/327/2 361/325/2 351/316/2 353/318/2 
usemtl 13___Default
f 364/328/2 363/327/2 353/318/2 354/319/2 
f 365/329/2 364/328/2 354/319/2 355/320/2 
usemtl 07___Default
f 366/330/74 365/329/74 355/320/74 356/321/74 
usemtl 01___Default
f 367/331/4 368/330/4 358/321/4 357/322/4 
usemtl 07___Default
f 369/332/4 370/331/4 360/322/4 359/323/4 
f 362/333/4 369/332/4 359/323/4 352/324/4 
f 371/334/75 372/335/75 362/326/75 361/325/75 
f 373/336/2 371/334/2 361/325/2 363/327/2 
usemtl 13___Default
f 374/337/2 373/336/2 363/327/2 364/328/2 
f 375/338/2 374/337/2 364/328/2 365/329/2 
usemtl 07___Default
f 376/339/76 375/338/76 365/329/76 366/330/76 
usemtl 01___Default
f 377/340/4 378/339/4 368/330/4 367/331/4 
usemtl 07___Default
f 379/341/4 380/340/4 370/331/4 369/332/4 
f 372/342/4 379/341/4 369/332/4 362/333/4 
f 381/343/77 382/344/77 372/335/77 371/334/77 
f 383/345/2 381/343/2 371/334/2 373/336/2 
usemtl 13___Default
f 384/346/2 383/345/2 373/336/2 374/337/2 
f 385/347/2 384/346/2 374/337/2 375/338/2 
usemtl 07___Default
f 386/348/78 385/347/78 375/338/78 376/339/78 
usemtl 01___Default
f 387/349/4 388/348/4 378/339/4 377/340/4 
usemtl 07___Default
f 389/350/4 390/349/4 380/340/4 379/341/4 
f 382/351/4 389/350/4 379/341/4 372/342/4 
f 391/352/79 392/353/79 382/344/79 381/343/79 
f 393/354/2 391/352/2 381/343/2 383/345/2 
usemtl 13___Default
f 394/355/2 393/354/2 383/345/2 384/346/2 
f 395/356/2 394/355/2 384/346/2 385/347/2 
usemtl 07___Default
f 396/357/80 395/356/80 385/347/80 386/348/80 
usemtl 01___Default
f 397/358/4 398/357/4 388/348/4 387/349/4 
usemtl 07___Default
f 399/359/4 400/358/4 390/349/4 389/350/4 
f 392/360/4 399/359/4 389/350/4 382/351/4 
f 401/361/81 402/362/81 392/353/81 391/352/81 
f 403/363/2 401/361/2 391/352/2 393/354/2 
usemtl 13___Default
f 404/364/2 403/363/2 393/354/2 394/355/2 
f 405/365/2 404/364/2 394/355/2 395/356/2 
usemtl 07___Default
f 406/366/82 405/365/82 395/356/82 396/357/82 
usemtl 01___Default
f 407/367/4 408/366/4 398/357/4 397/358/4 
usemtl 07___Default
f 409/368/4 410/367/4 400/358/4 399/359/4 
f 402/369/4 409/368/4 399/359/4 392/360/4 
f 4/370/83 3/371/83 402/362/83 401/361/83 
f 6/372/2 4/370/2 401/361/2 403/363/2 
usemtl 13___Default
f 8/373/2 6/372/2 403/363/2 404/364/2 
f 10/374/2 8/373/2 404/364/2 405/365/2 
usemtl 07___Default
f 12/375/84 10/374/84 405/365/85 406/366/84 
usemtl 01___Default
f 16/376/4 15/375/4 408/366/4 407/367/4 
usemtl 07___Default
f 20/377/4 19/376/4 410/367/4 409/368/4 
f 3/378/4 20/377/4 409/368/4 402/369/4 
usemtl 01___Default
f 15/12/3 14/11/3 11/11/3 12/12/3 
f 408/366/85 15/375/84 12/375/84 406/366/84 
f 398/357/82 408/366/82 406/366/82 396/357/82 
f 388/348/80 398/357/80 396/357/80 386/348/80 
f 378/339/78 388/348/78 386/348/78 376/339/78 
f 368/330/76 378/339/76 376/339/76 366/330/76 
f 358/321/74 368/330/74 366/330/74 356/321/74 
f 348/312/72 358/321/72 356/321/72 346/312/72 
f 338/303/70 348/312/70 346/312/70 336/303/70 
f 328/294/68 338/303/68 336/303/68 326/294/68 
f 318/285/66 328/294/66 326/294/66 316/285/66 
f 308/276/64 318/285/64 316/285/64 306/276/64 
f 298/267/62 308/276/62 306/276/62 296/267/62 
f 288/258/60 298/267/60 296/267/60 286/258/60 
f 278/249/58 288/258/58 286/258/58 276/249/58 
f 268/240/56 278/249/56 276/249/56 266/240/56 
f 258/231/54 268/240/54 266/240/54 256/231/54 
f 248/222/52 258/231/52 256/231/52 246/222/52 
f 238/213/50 248/222/50 246/222/50 236/213/50 
f 228/204/48 238/213/48 236/213/48 226/204/48 
f 218/195/46 228/204/46 226/204/46 216/195/46 
f 208/186/44 218/195/44 216/195/44 206/186/44 
f 198/177/42 208/186/42 206/186/42 196/177/42 
f 188/168/40 198/177/40 196/177/40 186/168/40 
f 178/159/38 188/168/38 186/168/38 176/159/38 
f 168/150/36 178/159/36 176/159/36 166/150/36 
f 158/141/34 168/150/34 166/150/34 156/141/34 
f 148/132/32 158/141/32 156/141/32 146/132/32 
f 138/123/30 148/132/30 146/132/30 136/123/30 
f 128/114/28 138/123/28 136/123/28 126/114/28 
f 118/105/26 128/114/26 126/114/26 116/105/26 
f 108/96/24 118/105/24 116/105/24 106/96/24 
f 98/87/22 108/96/22 106/96/22 96/87/22 
f 88/78/20 98/87/20 96/87/20 86/78/20 
f 78/69/18 88/78/18 86/78/18 76/69/18 
f 68/60/16 78/69/16 76/69/16 66/60/16 
f 58/51/14 68/60/14 66/60/14 56/51/14 
f 48/42/12 58/51/12 56/51/12 46/42/12 
f 38/33/10 48/42/10 46/42/10 36/33/10 
f 28/24/8 38/33/8 36/33/8 26/24/8 
f 14/11/6 28/24/6 26/24/6 11/11/6 
f 13/13/1 16/14/1 19/14/1 18/13/1 
f 27/25/5 13/13/5 18/13/5 30/25/5 
f 37/34/7 27/25/7 30/25/7 40/34/7 
f 47/43/9 37/34/9 40/34/9 50/43/9 
f 57/52/11 47/43/11 50/43/11 60/52/11 
f 67/61/13 57/52/13 60/52/13 70/61/13 
f 77/70/15 67/61/15 70/61/15 80/70/15 
f 87/79/17 77/70/17 80/70/17 90/79/17 
f 97/88/19 87/79/19 90/79/19 100/88/19 
f 107/97/21 97/88/21 100/88/21 110/97/21 
f 117/106/23 107/97/23 110/97/23 120/106/23 
f 127/115/25 117/106/25 120/106/25 130/115/25 
f 137/124/27 127/115/27 130/115/27 140/124/27 
f 147/133/29 137/124/29 140/124/29 150/133/29 
f 157/142/31 147/133/31 150/133/31 160/142/31 
f 167/151/33 157/142/33 160/142/33 170/151/33 
f 177/160/35 167/151/35 170/151/35 180/160/35 
f 187/169/37 177/160/37 180/160/37 190/169/37 
f 197/178/39 187/169/39 190/169/39 200/178/39 
f 207/187/41 197/178/41 200/178/41 210/187/41 
f 217/196/43 207/187/43 210/187/43 220/196/43 
f 227/205/45 217/196/45 220/196/45 230/205/45 
f 237/214/47 227/205/47 230/205/47 240/214/47 
f 247/223/49 237/214/49 240/214/49 250/223/49 
f 257/232/51 247/223/51 250/223/51 260/232/51 
f 267/241/53 257/232/53 260/232/53 270/241/53 
f 277/250/55 267/241/55 270/241/55 280/250/55 
f 287/259/57 277/250/57 280/250/57 290/259/57 
f 297/268/59 287/259/59 290/259/59 300/268/59 
f 307/277/61 297/268/61 300/268/61 310/277/61 
f 317/286/63 307/277/63 310/277/63 320/286/63 
f 327/295/65 317/286/65 320/286/65 330/295/65 
f 337/304/67 327/295/67 330/295/67 340/304/67 
f 347/313/69 337/304/69 340/304/69 350/313/69 
f 357/322/71 347/313/71 350/313/71 360/322/71 
f 367/331/73 357/322/73 360/322/73 370/331/73 
f 377/340/75 367/331/75 370/331/75 380/340/75 
f 387/349/77 377/340/77 380/340/77 390/349/77 
f 397/358/79 387/349/79 390/349/79 400/358/79 
f 407/367/81 397/358/81 400/358/81 410/367/81 
f 16/376/83 407/367/83 410/367/83 19/376/83 
usemtl 07___Default
f 411/371/86 412/3/86 413/18/86 414/378/86 
f 415/378/44 416/371/44 417/3/44 418/18/44 
usemtl 01___Default
f 419/379/87 420/380/87 421/381/88 422/382/89 
f 420/379/90 423/380/91 424/381/92 421/382/93 
f 423/379/94 425/380/94 426/381/95 424/382/95 
f 425/379/96 419/380/97 422/381/98 426/382/99 
usemtl 07___Default
f 427/383/100 428/384/100 418/378/101 417/371/101 
f 422/382/89 421/381/88 428/384/100 427/383/100 
f 420/380/87 419/379/87 413/3/2 412/18/2 
f 428/383/102 429/384/102 415/378/102 418/371/102 
f 421/382/93 424/381/92 429/384/102 428/383/102 
f 423/380/91 420/379/90 412/3/103 411/18/103 
f 429/383/104 430/384/104 416/378/105 415/371/105 
f 424/382/95 426/381/95 430/384/104 429/383/104 
f 425/380/94 423/379/94 411/3/4 414/18/4 
f 430/383/106 427/384/106 417/378/106 416/371/106 
f 426/382/99 422/381/98 427/384/106 430/383/106 
f 419/380/97 425/379/96 414/3/107 413/18/107 
f 431/371/86 432/3/86 433/18/86 434/378/86 
f 435/378/44 436/371/44 437/3/44 438/18/44 
usemtl 01___Default
f 439/379/87 440/380/87 441/381/88 442/382/89 
f 440/379/90 443/380/91 444/381/92 441/382/93 
f 443/379/94 445/380/94 446/381/95 444/382/95 
f 445/379/96 439/380/97 442/381/98 446/382/99 
usemtl 07___Default
f 447/383/100 448/384/100 438/378/101 437/371/101 
f 442/382/89 441/381/88 448/384/100 447/383/100 
f 440/380/87 439/379/87 433/3/2 432/18/2 
f 448/383/102 449/384/102 435/378/102 438/371/102 
f 441/382/93 444/381/92 449/384/102 448/383/102 
f 443/380/91 440/379/90 432/3/103 431/18/103 
f 449/383/104 450/384/104 436/378/105 435/371/105 
f 444/382/95 446/381/95 450/384/104 449/383/104 
f 445/380/94 443/379/94 431/3/4 434/18/4 
f 450/383/106 447/384/106 437/378/106 436/371/106 
f 446/382/99 442/381/98 447/384/106 450/383/106 
f 439/380/97 445/379/96 434/3/107 433/18/107 
usemtl 01___Default
f 451/371/86 452/3/86 453/18/86 454/378/86 
usemtl 07___Default
f 455/378/44 456/371/44 457/3/44 458/18/44 
usemtl 01___Default
f 459/379/108 460/380/108 461/381/109 462/382/109 
f 460/379/97 463/380/96 464/381/99 461/382/98 
f 463/379/110 465/380/110 466/381/111 464/382/112 
f 465/379/113 459/380/114 462/381/93 466/382/92 
usemtl 07___Default
f 467/383/115 468/384/115 458/378/116 457/371/116 
usemtl 01___Default
f 462/382/109 461/381/109 468/384/115 467/383/115 
f 460/380/108 459/379/108 453/3/4 452/18/4 
usemtl 07___Default
f 468/383/106 469/384/106 455/378/106 458/371/106 
usemtl 01___Default
f 461/382/98 464/381/99 469/384/106 468/383/106 
f 463/380/96 460/379/97 452/3/107 451/18/107 
usemtl 07___Default
f 469/383/117 470/384/117 456/378/118 455/371/119 
usemtl 01___Default
f 464/382/112 466/381/111 470/384/117 469/383/117 
f 465/380/110 463/379/110 451/3/2 454/18/2 
usemtl 07___Default
f 470/383/102 467/384/102 457/378/102 456/371/102 
usemtl 01___Default
f 466/382/92 462/381/93 467/384/102 470/383/102 
f 459/380/114 465/379/113 454/3/103 453/18/103 
f 471/371/86 472/3/86 473/18/86 474/378/86 
usemtl 07___Default
f 475/378/44 476/371/44 477/3/44 478/18/44 
usemtl 01___Default
f 479/379/108 480/380/108 481/381/109 482/382/109 
f 480/379/97 483/380/96 484/381/99 481/382/98 
f 483/379/110 485/380/110 486/381/111 484/382/112 
f 485/379/113 479/380/114 482/381/120 486/382/121 
usemtl 07___Default
f 487/383/115 488/384/115 478/378/116 477/371/116 
usemtl 01___Default
f 482/382/109 481/381/109 488/384/115 487/383/115 
f 480/380/108 479/379/108 473/3/4 472/18/4 
usemtl 07___Default
f 488/383/122 489/384/106 475/378/106 478/371/106 
usemtl 01___Default
f 481/382/98 484/381/99 489/384/106 488/383/122 
f 483/380/96 480/379/97 472/3/123 471/18/123 
usemtl 07___Default
f 489/383/117 490/384/117 476/378/118 475/371/119 
usemtl 01___Default
f 484/382/112 486/381/111 490/384/117 489/383/117 
f 485/380/110 483/379/110 471/3/2 474/18/2 
usemtl 07___Default
f 490/383/124 487/384/125 477/378/124 476/371/124 
usemtl 01___Default
f 486/382/121 482/381/120 487/384/125 490/383/124 
f 479/380/114 485/379/113 474/3/103 473/18/103 
usemtl 07___Default
f 491/371/126 492/3/126 493/18/127 494/378/127 
f 495/378/128 496/371/129 497/3/128 498/18/128 
f 499/379/130 500/380/130 501/381/131 502/382/131 
f 500/379/132 503/380/133 504/381/134 501/382/135 
f 503/379/136 505/380/137 506/381/138 504/382/139 
f 499/380/140 502/381/141 506/382/142 505/379/143 
f 507/383/144 508/384/145 509/378/145 510/371/144 
f 502/382/131 501/381/131 511/384/146 512/383/147 
f 500/380/130 499/379/130 493/3/148 492/18/148 
f 511/383/149 513/384/149 495/378/149 498/371/149 
f 501/382/135 504/381/134 513/384/149 511/383/149 
f 503/380/133 500/379/132 492/3/150 491/18/151 
f 513/383/152 514/384/152 496/378/153 495/371/153 
f 504/382/139 506/381/138 514/384/152 513/383/152 
f 505/380/137 503/379/136 491/3/154 494/18/155 
f 514/383/156 512/384/156 497/378/2 496/371/2 
f 506/382/142 502/381/141 512/384/156 514/383/156 
f 493/18/157 499/380/140 505/379/143 494/3/158 
f 510/371/159 509/378/159 498/378/159 497/371/159 
f 507/383/2 510/371/2 497/371/2 512/383/2 
f 508/384/160 507/383/160 512/383/160 511/384/160 
f 509/378/149 508/384/149 511/384/149 498/378/149 
f 515/378/2 516/371/2 517/3/2 518/18/2 
f 519/378/161 515/371/162 518/3/162 520/18/161 
f 521/378/4 519/371/4 520/3/4 522/18/4 
f 516/378/163 521/371/163 522/3/163 517/18/163 
f 523/378/164 524/18/164 517/18/164 522/378/164 
f 525/371/164 523/378/165 522/378/164 520/371/164 
f 526/3/165 525/371/164 520/371/165 518/3/165 
f 524/18/164 526/3/165 518/3/164 517/18/164 
f 527/18/166 528/3/167 516/3/166 515/18/166 
f 529/378/166 527/18/167 515/18/166 519/378/166 
f 530/371/166 529/378/166 519/378/166 521/371/166 
f 528/3/166 530/371/166 521/371/166 516/3/166 
f 531/378/164 532/18/164 524/18/164 523/378/164 
f 533/371/165 531/378/165 523/378/165 525/371/165 
f 534/3/164 533/371/164 525/371/164 526/3/164 
f 532/18/164 534/3/164 526/3/164 524/18/164 
f 535/18/167 536/3/166 528/3/167 527/18/167 
f 537/378/167 535/18/166 527/18/167 529/378/167 
f 538/371/167 537/378/167 529/378/167 530/371/167 
f 536/3/166 538/371/166 530/371/166 528/3/166 
f 537/378/2 538/371/2 531/378/2 533/371/2 
f 535/18/163 537/378/163 533/371/163 534/3/163 
f 536/3/4 535/18/4 534/3/4 532/18/4 
f 538/371/162 536/3/162 532/18/162 531/378/162 
f 539/371/168 540/3/168 541/18/168 542/378/168 
f 543/378/169 544/371/169 545/3/169 546/18/169 
f 546/378/170 545/371/170 541/3/170 540/18/170 
f 543/378/171 546/371/171 540/3/171 539/18/171 
f 544/378/4 543/371/4 539/3/4 542/18/4 
f 545/378/163 544/371/163 542/3/163 541/18/163 
usemtl 08___Default
f 547/385/172 548/386/172 549/387/172 550/388/172 
f 551/385/173 552/389/174 553/390/175 
f 551/385/173 553/390/175 554/391/176 
f 551/385/173 554/391/176 555/392/177 
f 551/385/173 555/392/177 556/393/178 557/386/179 
f 557/386/179 556/393/178 558/394/180 
f 557/386/179 558/394/180 559/395/181 
f 557/386/179 559/395/181 560/396/182 
f 557/386/179 560/396/182 561/397/183 562/387/184 
f 562/387/184 561/397/183 563/398/185 
f 562/387/184 563/398/185 564/399/186 
f 562/387/184 564/399/186 565/400/187 
f 562/387/184 565/400/187 566/401/188 567/388/189 
f 567/388/189 566/401/188 568/402/190 
f 567/388/189 568/402/190 569/403/191 
f 567/388/189 569/403/191 570/404/192 
f 567/388/189 570/404/192 552/389/174 551/385/173 
f 552/389/174 571/405/193 572/406/194 553/390/175 
f 553/390/175 572/406/194 573/407/195 554/391/176 
f 554/391/176 573/407/195 574/408/196 555/392/177 
f 555/392/177 574/408/196 575/409/197 556/393/178 
f 556/393/178 575/409/197 576/410/198 558/394/180 
f 558/394/180 576/410/198 577/411/199 559/395/181 
f 559/395/181 577/411/199 578/412/200 560/396/182 
f 560/396/182 578/412/200 579/413/201 561/397/183 
f 561/397/183 579/413/201 580/414/202 563/398/185 
f 563/398/185 580/414/202 581/415/203 564/399/186 
f 564/399/186 581/415/203 582/416/204 565/400/187 
f 565/400/187 582/416/204 583/417/205 566/401/188 
f 566/401/188 583/417/205 584/418/206 568/402/190 
f 568/402/190 584/418/206 585/419/207 569/403/191 
f 569/403/191 585/419/207 586/420/208 570/404/192 
f 570/404/192 586/420/208 571/405/193 552/389/174 
f 587/405/209 588/421/210 589/422/211 590/406/212 
f 590/406/212 589/422/211 591/423/213 592/407/214 
f 592/407/214 591/423/213 593/424/215 594/408/216 
f 594/408/216 593/424/215 595/425/217 596/409/218 
f 596/409/218 595/425/217 597/426/219 598/410/220 
f 598/410/220 597/426/219 599/427/221 600/411/222 
f 600/411/222 599/427/221 601/428/223 602/412/224 
f 602/412/224 601/428/223 603/429/225 604/413/226 
f 604/413/226 603/429/225 605/430/227 606/414/228 
f 606/414/228 605/430/227 607/431/229 608/415/230 
f 608/415/230 607/431/229 609/432/231 610/416/232 
f 610/416/232 609/432/231 611/433/233 612/417/234 
f 612/417/234 611/433/233 613/434/235 614/418/236 
f 614/418/236 613/434/235 615/435/237 616/419/238 
f 616/419/238 615/435/237 617/436/239 618/420/240 
f 618/420/240 617/436/239 588/421/210 587/405/209 
f 588/371/210 619/3/241 620/437/242 589/438/211 
f 589/438/211 620/437/242 621/439/243 591/440/213 
f 591/440/213 621/439/243 622/441/244 593/442/215 
f 593/442/215 622/441/244 623/443/245 595/444/217 
f 595/444/217 623/443/245 624/445/246 597/446/219 
f 597/446/219 624/445/246 625/447/247 599/448/221 
f 599/448/221 625/447/247 626/449/248 601/450/223 
f 601/450/223 626/449/248 627/451/249 603/452/225 
f 603/452/225 627/451/249 628/453/250 605/454/227 
f 605/454/227 628/453/250 629/455/251 607/456/229 
f 607/456/229 629/455/251 630/457/252 609/458/231 
f 609/458/231 630/457/252 631/459/253 611/460/233 
f 611/460/233 631/459/253 632/461/254 613/462/235 
f 613/462/235 632/461/254 633/463/255 615/464/237 
f 615/464/237 633/463/255 634/465/256 617/466/239 
f 617/466/239 634/465/256 619/18/241 588/378/210 
f 619/428/241 635/412/257 636/411/258 620/427/242 
f 620/427/242 636/411/258 637/410/259 621/426/243 
f 621/426/243 637/410/259 638/409/260 622/425/244 
f 622/425/244 638/409/260 639/408/261 623/424/245 
f 623/424/245 639/408/261 640/407/262 624/423/246 
f 624/423/246 640/407/262 641/406/263 625/422/247 
f 625/422/247 641/406/263 642/405/264 626/421/248 
f 626/421/248 642/405/264 643/420/265 627/436/249 
f 627/436/249 643/420/265 644/419/266 628/435/250 
f 628/435/250 644/419/266 645/418/267 629/434/251 
f 629/434/251 645/418/267 646/417/268 630/433/252 
f 630/433/252 646/417/268 647/416/269 631/432/253 
f 631/432/253 647/416/269 648/415/270 632/431/254 
f 632/431/254 648/415/270 649/414/271 633/430/255 
f 633/430/255 649/414/271 650/413/272 634/429/256 
f 634/429/256 650/413/272 635/412/257 619/428/241 
f 635/412/257 651/396/273 652/395/274 636/411/258 
f 636/411/258 652/395/274 653/394/275 637/410/259 
f 637/410/259 653/394/275 654/393/276 638/409/260 
f 638/409/260 654/393/276 655/392/277 639/408/261 
f 639/408/261 655/392/277 656/391/278 640/407/262 
f 640/407/262 656/391/278 657/390/279 641/406/263 
f 641/406/263 657/390/279 658/389/280 642/405/264 
f 642/405/264 658/389/280 659/404/281 643/420/265 
f 643/420/265 659/404/281 660/403/282 644/419/266 
f 644/419/266 660/403/282 661/402/283 645/418/267 
f 645/418/267 661/402/283 662/401/284 646/417/268 
f 646/417/268 662/401/284 663/400/285 647/416/269 
f 647/416/269 663/400/285 664/399/286 648/415/270 
f 648/415/270 664/399/286 665/398/287 649/414/271 
f 649/414/271 665/398/287 666/397/288 650/413/272 
f 650/413/272 666/397/288 651/396/273 635/412/257 
f 651/396/273 667/386/289 652/395/274 
f 652/395/274 667/386/289 653/394/275 
f 653/394/275 667/386/289 654/393/276 
f 654/393/276 667/386/289 668/385/290 655/392/277 
f 655/392/277 668/385/290 656/391/278 
f 656/391/278 668/385/290 657/390/279 
f 657/390/279 668/385/290 658/389/280 
f 658/389/280 668/385/290 669/388/291 659/404/281 
f 659/404/281 669/388/291 660/403/282 
f 660/403/282 669/388/291 661/402/283 
f 661/402/283 669/388/291 662/401/284 
f 662/401/284 669/388/291 670/387/292 663/400/285 
f 663/400/285 670/387/292 664/399/286 
f 664/399/286 670/387/292 665/398/287 
f 665/398/287 670/387/292 666/397/288 
f 666/397/288 670/387/292 667/386/289 651/396/273 
f 670/387/292 669/388/291 668/385/290 667/386/289 
f 548/386/293 547/385/294 671/385/293 672/386/293 
f 549/387/295 548/386/295 672/386/295 673/387/295 
f 550/388/296 549/387/297 673/387/296 674/388/296 
f 547/385/298 550/388/298 674/388/298 671/385/298 
f 551/385/299 557/386/299 672/386/299 671/385/299 
f 567/388/300 551/385/300 671/385/300 674/388/300 
f 562/387/301 567/388/301 674/388/301 673/387/301 
f 557/386/302 562/387/302 673/387/302 672/386/302 
f 572/406/303 571/405/304 587/405/303 590/406/303 
f 573/407/305 572/406/305 590/406/305 592/407/305 
f 574/408/306 573/407/307 592/407/306 594/408/306 
f 575/409/308 574/408/309 594/408/308 596/409/308 
f 576/410/310 575/409/311 596/409/310 598/410/310 
f 577/411/312 576/410/312 598/410/312 600/411/312 
f 578/412/313 577/411/314 600/411/313 602/412/313 
f 579/413/315 578/412/315 602/412/315 604/413/315 
f 580/414/316 579/413/317 604/413/316 606/414/316 
f 581/415/318 580/414/318 606/414/318 608/415/318 
f 582/416/319 581/415/320 608/415/319 610/416/319 
f 583/417/321 582/416/322 610/416/321 612/417/321 
f 584/418/323 583/417/324 612/417/323 614/418/323 
f 585/419/325 584/418/325 614/418/325 616/419/325 
f 586/420/326 585/419/327 616/419/326 618/420/326 
f 571/405/328 586/420/328 618/420/328 587/405/328 
usemtl 07___Default
f 675/467/329 676/468/330 677/469/331 678/470/332 
f 675/467/329 679/471/333 680/472/334 
f 675/467/329 680/472/334 681/473/335 
f 675/467/329 681/473/335 682/474/336 
f 675/467/329 682/474/336 683/475/337 676/468/330 
f 676/468/330 683/475/337 684/476/338 
f 676/468/330 684/476/338 685/477/339 
f 676/468/330 685/477/339 686/478/340 
f 676/468/330 686/478/340 687/479/341 677/469/331 
f 677/469/331 687/479/341 688/480/342 
f 677/469/331 688/480/342 689/481/343 
f 677/469/331 689/481/343 690/482/344 
f 677/469/331 690/482/344 691/483/345 678/470/332 
f 678/470/332 691/483/345 692/484/346 
f 678/470/332 692/484/346 693/485/347 
f 678/470/332 693/485/347 694/486/348 
f 678/470/332 694/486/348 679/471/333 675/467/329 
f 679/471/333 695/487/349 696/488/350 680/472/334 
f 680/472/334 696/488/350 697/489/351 681/473/335 
f 681/473/335 697/489/351 698/490/352 682/474/336 
f 682/474/336 698/490/352 699/491/353 683/475/337 
f 683/475/337 699/491/353 700/492/354 684/476/338 
f 684/476/338 700/492/354 701/493/355 685/477/339 
f 685/477/339 701/493/355 702/494/356 686/478/340 
f 686/478/340 702/494/356 703/495/357 687/479/341 
f 687/479/341 703/495/357 704/496/358 688/480/342 
f 688/480/342 704/496/358 705/497/359 689/481/343 
f 689/481/343 705/497/359 706/498/360 690/482/344 
f 690/482/344 706/498/360 707/499/361 691/483/345 
f 691/483/345 707/499/361 708/500/362 692/484/346 
f 692/484/346 708/500/362 709/501/363 693/485/347 
f 693/485/347 709/501/363 710/502/364 694/486/348 
f 694/486/348 710/502/364 695/487/349 679/471/333 
f 695/487/349 711/372/365 712/503/366 696/488/350 
f 696/488/350 712/503/366 713/504/367 697/489/351 
f 697/489/351 713/504/367 714/383/368 698/490/352 
f 698/490/352 714/383/368 715/379/369 699/491/353 
f 699/491/353 715/379/369 716/505/370 700/492/354 
f 700/492/354 716/505/370 717/506/371 701/493/355 
f 701/493/355 717/506/371 718/6/372 702/494/356 
f 702/494/356 718/6/372 719/14/373 703/495/357 
f 703/495/357 719/14/373 720/507/374 704/496/358 
f 704/496/358 720/507/374 721/508/375 705/497/359 
f 705/497/359 721/508/375 722/380/376 706/498/360 
f 706/498/360 722/380/376 723/384/377 707/499/361 
f 707/499/361 723/384/377 724/509/378 708/500/362 
f 708/500/362 724/509/378 725/510/379 709/501/363 
f 709/501/363 725/510/379 726/376/380 710/502/364 
f 710/502/364 726/376/380 711/372/365 695/487/349 
f 711/371/365 727/3/381 728/511/382 712/512/366 
f 712/512/366 728/511/382 729/513/383 713/514/367 
f 713/514/367 729/513/383 730/515/384 714/516/368 
f 714/516/368 730/515/384 731/517/385 715/518/369 
f 715/518/369 731/517/385 732/519/386 716/520/370 
f 716/520/370 732/519/386 733/521/387 717/522/371 
f 717/522/371 733/521/387 734/523/388 718/524/372 
f 718/524/372 734/523/388 735/525/389 719/526/373 
f 719/526/373 735/525/389 736/527/390 720/528/374 
f 720/528/374 736/527/390 737/529/391 721/530/375 
f 721/530/375 737/529/391 738/531/392 722/532/376 
f 722/532/376 738/531/392 739/533/393 723/534/377 
f 723/534/377 739/533/393 740/535/394 724/536/378 
f 724/536/378 740/535/394 741/537/395 725/538/379 
f 725/538/379 741/537/395 742/539/396 726/540/380 
f 726/540/380 742/539/396 727/18/381 711/378/365 
f 727/6/381 743/494/397 744/493/398 728/506/382 
f 728/506/382 744/493/398 745/492/399 729/505/383 
f 729/505/383 745/492/399 746/491/400 730/379/384 
f 730/379/384 746/491/400 747/490/401 731/383/385 
f 731/383/385 747/490/401 748/489/402 732/504/386 
f 732/504/386 748/489/402 749/488/403 733/503/387 
f 733/503/387 749/488/403 750/487/404 734/372/388 
f 734/372/388 750/487/404 751/502/405 735/376/389 
f 735/376/389 751/502/405 752/501/406 736/510/390 
f 736/510/390 752/501/406 753/500/407 737/509/391 
f 737/509/391 753/500/407 754/499/408 738/384/392 
f 738/384/392 754/499/408 755/498/409 739/380/393 
f 739/380/393 755/498/409 756/497/410 740/508/394 
f 740/508/394 756/497/410 757/496/411 741/507/395 
f 741/507/395 757/496/411 758/495/412 742/14/396 
f 742/14/396 758/495/412 743/494/397 727/6/381 
f 743/494/397 759/478/413 760/477/414 744/493/398 
f 744/493/398 760/477/414 761/476/415 745/492/399 
f 745/492/399 761/476/415 762/475/416 746/491/400 
f 746/491/400 762/475/416 763/474/417 747/490/401 
f 747/490/401 763/474/417 764/473/418 748/489/402 
f 748/489/402 764/473/418 765/472/419 749/488/403 
f 749/488/403 765/472/419 766/471/420 750/487/404 
f 750/487/404 766/471/420 767/486/421 751/502/405 
f 751/502/405 767/486/421 768/485/422 752/501/406 
f 752/501/406 768/485/422 769/484/423 753/500/407 
f 753/500/407 769/484/423 770/483/424 754/499/408 
f 754/499/408 770/483/424 771/482/425 755/498/409 
f 755/498/409 771/482/425 772/481/426 756/497/410 
f 756/497/410 772/481/426 773/480/427 757/496/411 
f 757/496/411 773/480/427 774/479/428 758/495/412 
f 758/495/412 774/479/428 759/478/413 743/494/397 
f 759/478/413 775/468/429 760/477/414 
f 760/477/414 775/468/429 761/476/415 
f 761/476/415 775/468/429 762/475/416 
f 762/475/416 775/468/429 776/467/430 763/474/417 
f 763/474/417 776/467/430 764/473/418 
f 764/473/418 776/467/430 765/472/419 
f 765/472/419 776/467/430 766/471/420 
f 766/471/420 776/467/430 777/470/431 767/486/421 
f 767/486/421 777/470/431 768/485/422 
f 768/485/422 777/470/431 769/484/423 
f 769/484/423 777/470/431 770/483/424 
f 770/483/424 777/470/431 778/469/432 771/482/425 
f 771/482/425 778/469/432 772/481/426 
f 772/481/426 778/469/432 773/480/427 
f 773/480/427 778/469/432 774/479/428 
f 774/479/428 778/469/432 775/468/429 759/478/413 
f 778/469/432 777/470/431 776/467/430 775/468/429 
usemtl 01___Default
f 779/377/433 780/376/124 781/14/102 782/16/433 
f 783/378/434 779/377/433 782/16/433 784/18/86 
f 785/370/435 783/371/434 784/3/86 786/4/435 
f 787/372/106 785/370/435 786/4/435 788/6/436 
f 789/373/437 787/372/106 788/6/436 790/8/437 
f 791/374/172 789/373/437 790/8/437 792/10/438 
f 793/375/439 791/374/172 792/10/438 794/12/439 
f 780/376/124 793/375/439 794/12/439 781/14/102 
usemtl 07___Default
f 784/382/440 782/541/156 781/374/156 788/10/440 
f 792/381/440 788/10/440 781/374/156 794/542/440 
f 792/381/440 790/543/156 788/10/440 
f 784/382/440 788/10/440 786/544/440 
usemtl 01___Default
f 789/543/4 791/381/4 793/542/4 785/544/4 
f 779/541/4 785/544/4 793/542/4 780/374/4 
f 779/541/4 783/382/4 785/544/4 
f 789/543/4 785/544/4 787/10/4 
f 795/377/433 796/376/124 797/14/102 798/16/433 
f 799/378/434 795/377/433 798/16/433 800/18/86 
f 801/370/435 799/371/434 800/3/86 802/4/435 
f 803/372/106 801/370/435 802/4/435 804/6/436 
f 805/373/437 803/372/106 804/6/436 806/8/437 
f 807/374/172 805/373/437 806/8/437 808/10/438 
f 809/375/439 807/374/172 808/10/438 810/12/439 
f 796/376/124 809/375/439 810/12/439 797/14/102 
usemtl 07___Default
f 800/382/440 798/541/156 797/374/156 804/10/440 
f 808/381/440 804/10/440 797/374/156 810/542/440 
f 808/381/440 806/543/156 804/10/440 
f 800/382/440 804/10/440 802/544/440 
f 811/375/44 812/545/441 813/486/442 
f 812/545/441 814/546/443 815/547/444 
f 812/545/441 815/547/444 813/486/442 
f 813/486/442 815/547/444 816/470/445 
f 814/546/443 817/548/446 818/549/447 
f 814/546/443 818/549/447 815/547/444 
usemtl 01___Default
f 815/547/444 818/549/447 819/550/448 
f 815/547/444 819/550/448 816/470/445 
f 816/470/445 819/550/448 820/551/449 
usemtl 08___Default
f 817/548/446 821/552/102 822/553/450 
usemtl 07___Default
f 817/548/446 822/553/450 818/549/447 
f 818/549/447 822/553/450 823/554/451 
usemtl 01___Default
f 818/549/447 823/554/451 819/550/448 
f 819/550/448 823/554/451 824/555/452 
f 819/550/448 824/555/452 820/551/449 
f 820/551/449 824/555/452 825/556/4 
usemtl 07___Default
f 811/377/44 813/486/442 826/557/453 
f 813/486/442 816/470/445 827/558/454 
f 813/486/442 827/558/454 826/557/453 
f 826/557/453 827/558/454 828/384/455 
usemtl 01___Default
f 816/470/445 820/551/449 829/559/456 
f 816/470/445 829/559/456 827/558/454 
f 827/558/454 829/559/456 830/560/457 
usemtl 07___Default
f 827/558/454 830/560/457 828/384/455 
f 828/384/455 830/560/457 831/561/458 
usemtl 01___Default
f 820/551/449 825/556/4 832/562/459 
f 820/551/449 832/562/459 829/559/456 
f 829/559/456 832/562/459 833/563/460 
f 829/559/456 833/563/460 830/560/457 
usemtl 07___Default
f 830/560/457 833/563/460 834/564/461 
f 830/560/457 834/564/461 831/561/458 
f 831/561/458 834/564/461 835/381/462 
usemtl 08___Default
f 811/370/44 826/565/453 836/471/463 
f 826/565/453 828/383/455 837/566/464 
f 826/565/453 837/566/464 836/471/463 
f 836/471/463 837/566/464 838/467/465 
f 828/383/455 831/567/458 839/568/466 
f 828/383/455 839/568/466 837/566/464 
f 837/566/464 839/568/466 840/569/467 
f 837/566/464 840/569/467 838/467/465 
f 838/467/465 840/569/467 841/570/468 
f 831/567/458 835/382/462 842/571/469 
f 831/567/458 842/571/469 839/568/466 
f 839/568/466 842/571/469 843/572/470 
f 839/568/466 843/572/470 840/569/467 
f 840/569/467 843/572/470 844/573/471 
f 840/569/467 844/573/471 841/570/468 
f 841/570/468 844/573/471 845/574/2 
f 811/373/44 836/471/463 812/545/441 
f 836/471/463 838/467/465 846/575/472 
f 836/471/463 846/575/472 812/545/441 
f 812/545/441 846/575/472 814/546/443 
f 838/467/465 841/570/468 847/576/473 
f 838/467/465 847/576/473 846/575/472 
f 846/575/472 847/576/473 848/577/474 
f 846/575/472 848/577/474 814/546/443 
f 814/546/443 848/577/474 817/548/446 
f 841/570/468 845/574/2 849/578/475 
f 841/570/468 849/578/475 847/576/473 
f 847/576/473 849/578/475 850/579/476 
f 847/576/473 850/579/476 848/577/474 
f 848/577/474 850/579/476 851/580/477 
f 848/577/474 851/580/477 817/548/446 
f 817/548/446 851/580/477 821/552/102 
usemtl 07___Default
f 852/12/43 853/479/478 854/581/479 
f 853/479/478 855/469/480 856/582/481 
f 853/479/478 856/582/481 854/581/479 
f 854/581/479 856/582/481 857/583/482 
usemtl 01___Default
f 855/469/480 858/584/483 859/585/484 
f 855/469/480 859/585/484 856/582/481 
f 856/582/481 859/585/484 860/586/485 
usemtl 07___Default
f 856/582/481 860/586/485 857/583/482 
f 857/583/482 860/586/485 861/587/486 
usemtl 01___Default
f 858/584/483 825/556/4 824/555/452 
f 858/584/483 824/555/452 859/585/484 
f 859/585/484 824/555/452 823/554/451 
f 859/585/484 823/554/451 860/586/485 
usemtl 07___Default
f 860/586/485 823/554/451 822/553/450 
f 860/586/485 822/553/450 861/587/486 
usemtl 08___Default
f 861/587/486 822/553/450 821/552/102 
usemtl 07___Default
f 852/16/43 862/588/487 853/479/478 
f 862/588/487 863/380/488 864/589/489 
f 862/588/487 864/589/489 853/479/478 
f 853/479/478 864/589/489 855/469/480 
f 863/380/488 865/590/490 866/591/491 
f 863/380/488 866/591/491 864/589/489 
usemtl 01___Default
f 864/589/489 866/591/491 867/592/492 
f 864/589/489 867/592/492 855/469/480 
f 855/469/480 867/592/492 858/584/483 
usemtl 07___Default
f 865/590/490 835/381/462 834/564/461 
f 865/590/490 834/564/461 866/591/491 
f 866/591/491 834/564/461 833/563/460 
usemtl 01___Default
f 866/591/491 833/563/460 867/592/492 
f 867/592/492 833/563/460 832/562/459 
f 867/592/492 832/562/459 858/584/483 
f 858/584/483 832/562/459 825/556/4 
usemtl 08___Default
f 852/4/43 868/478/493 862/593/487 
f 868/478/493 869/468/494 870/594/495 
f 868/478/493 870/594/495 862/593/487 
f 862/593/487 870/594/495 863/379/488 
f 869/468/494 871/595/496 872/596/497 
f 869/468/494 872/596/497 870/594/495 
f 870/594/495 872/596/497 873/597/498 
f 870/594/495 873/597/498 863/379/488 
f 863/379/488 873/597/498 865/598/490 
f 871/595/496 845/574/2 844/573/471 
f 871/595/496 844/573/471 872/596/497 
f 872/596/497 844/573/471 843/572/470 
f 872/596/497 843/572/470 873/597/498 
f 873/597/498 843/572/470 842/571/469 
f 873/597/498 842/571/469 865/598/490 
f 865/598/490 842/571/469 835/382/462 
f 852/8/43 854/581/479 868/478/493 
f 854/581/479 857/583/482 874/599/499 
f 854/581/479 874/599/499 868/478/493 
f 868/478/493 874/599/499 869/468/494 
f 857/583/482 861/587/486 875/600/500 
f 857/583/482 875/600/500 874/599/499 
f 874/599/499 875/600/500 876/601/501 
f 874/599/499 876/601/501 869/468/494 
f 869/468/494 876/601/501 871/595/496 
f 861/587/486 821/552/102 851/580/477 
f 861/587/486 851/580/477 875/600/500 
f 875/600/500 851/580/477 850/579/476 
f 875/600/500 850/579/476 876/601/501 
f 876/601/501 850/579/476 849/578/475 
f 876/601/501 849/578/475 871/595/496 
f 871/595/496 849/578/475 845/574/2 
usemtl 07___Default
f 877/375/44 878/545/441 879/486/502 
f 878/545/441 880/546/443 881/547/444 
f 878/545/441 881/547/444 879/486/502 
f 879/486/502 881/547/444 882/470/503 
f 880/546/443 883/548/446 884/549/447 
f 880/546/443 884/549/447 881/547/444 
usemtl 01___Default
f 881/547/444 884/549/447 885/550/448 
f 881/547/444 885/550/448 882/470/503 
f 882/470/503 885/550/448 886/551/449 
usemtl 08___Default
f 883/548/446 887/552/504 888/553/450 
usemtl 07___Default
f 883/548/446 888/553/450 884/549/447 
f 884/549/447 888/553/450 889/554/451 
usemtl 01___Default
f 884/549/447 889/554/451 885/550/448 
f 885/550/448 889/554/451 890/555/452 
f 885/550/448 890/555/452 886/551/449 
f 886/551/449 890/555/452 891/556/4 
usemtl 07___Default
f 877/377/44 879/486/502 892/557/453 
f 879/486/502 882/470/503 893/558/454 
f 879/486/502 893/558/454 892/557/453 
f 892/557/453 893/558/454 894/384/455 
usemtl 01___Default
f 882/470/503 886/551/449 895/559/456 
f 882/470/503 895/559/456 893/558/454 
f 893/558/454 895/559/456 896/560/457 
usemtl 07___Default
f 893/558/454 896/560/457 894/384/455 
f 894/384/455 896/560/457 897/561/458 
usemtl 01___Default
f 886/551/449 891/556/4 898/562/459 
f 886/551/449 898/562/459 895/559/456 
f 895/559/456 898/562/459 899/563/460 
f 895/559/456 899/563/460 896/560/457 
usemtl 07___Default
f 896/560/457 899/563/460 900/564/461 
f 896/560/457 900/564/461 897/561/458 
f 897/561/458 900/564/461 901/381/106 
usemtl 08___Default
f 877/370/44 892/565/453 902/471/463 
f 892/565/453 894/383/455 903/566/464 
f 892/565/453 903/566/464 902/471/463 
f 902/471/463 903/566/464 904/467/505 
f 894/383/455 897/567/458 905/568/466 
f 894/383/455 905/568/466 903/566/464 
f 903/566/464 905/568/466 906/569/467 
f 903/566/464 906/569/467 904/467/505 
f 904/467/505 906/569/467 907/570/506 
f 897/567/458 901/382/106 908/571/469 
f 897/567/458 908/571/469 905/568/466 
f 905/568/466 908/571/469 909/572/470 
f 905/568/466 909/572/470 906/569/467 
f 906/569/467 909/572/470 910/573/471 
f 906/569/467 910/573/471 907/570/506 
f 907/570/506 910/573/471 911/574/2 
f 877/373/44 902/471/463 878/545/441 
f 902/471/463 904/467/505 912/575/472 
f 902/471/463 912/575/472 878/545/441 
f 878/545/441 912/575/472 880/546/443 
f 904/467/505 907/570/506 913/576/473 
f 904/467/505 913/576/473 912/575/472 
f 912/575/472 913/576/473 914/577/474 
f 912/575/472 914/577/474 880/546/443 
f 880/546/443 914/577/474 883/548/446 
f 907/570/506 911/574/2 915/578/475 
f 907/570/506 915/578/475 913/576/473 
f 913/576/473 915/578/475 916/579/476 
f 913/576/473 916/579/476 914/577/474 
f 914/577/474 916/579/476 917/580/477 
f 914/577/474 917/580/477 883/548/446 
f 883/548/446 917/580/477 887/552/504 
usemtl 07___Default
f 918/12/43 919/479/478 920/581/479 
f 919/479/478 921/469/507 922/582/481 
f 919/479/478 922/582/481 920/581/479 
f 920/581/479 922/582/481 923/583/482 
usemtl 01___Default
f 921/469/507 924/584/483 925/585/484 
f 921/469/507 925/585/484 922/582/481 
f 922/582/481 925/585/484 926/586/485 
usemtl 07___Default
f 922/582/481 926/586/485 923/583/482 
f 923/583/482 926/586/485 927/587/486 
usemtl 01___Default
f 924/584/483 891/556/4 890/555/452 
f 924/584/483 890/555/452 925/585/484 
f 925/585/484 890/555/452 889/554/451 
f 925/585/484 889/554/451 926/586/485 
usemtl 07___Default
f 926/586/485 889/554/451 888/553/450 
f 926/586/485 888/553/450 927/587/486 
usemtl 08___Default
f 927/587/486 888/553/450 887/552/504 
usemtl 07___Default
f 918/16/43 928/588/487 919/479/478 
f 928/588/487 929/380/488 930/589/489 
f 928/588/487 930/589/489 919/479/478 
f 919/479/478 930/589/489 921/469/507 
f 929/380/488 931/590/490 932/591/491 
f 929/380/488 932/591/491 930/589/489 
usemtl 01___Default
f 930/589/489 932/591/491 933/592/492 
f 930/589/489 933/592/492 921/469/507 
f 921/469/507 933/592/492 924/584/483 
usemtl 07___Default
f 931/590/490 901/381/106 900/564/461 
f 931/590/490 900/564/461 932/591/491 
f 932/591/491 900/564/461 899/563/460 
usemtl 01___Default
f 932/591/491 899/563/460 933/592/492 
f 933/592/492 899/563/460 898/562/459 
f 933/592/492 898/562/459 924/584/483 
f 924/584/483 898/562/459 891/556/4 
usemtl 08___Default
f 918/4/43 934/478/508 928/593/487 
f 934/478/508 935/468/494 936/594/495 
f 934/478/508 936/594/495 928/593/487 
f 928/593/487 936/594/495 929/379/488 
f 935/468/494 937/595/509 938/596/497 
f 935/468/494 938/596/497 936/594/495 
f 936/594/495 938/596/497 939/597/498 
f 936/594/495 939/597/498 929/379/488 
f 929/379/488 939/597/498 931/598/490 
f 937/595/509 911/574/2 910/573/471 
f 937/595/509 910/573/471 938/596/497 
f 938/596/497 910/573/471 909/572/470 
f 938/596/497 909/572/470 939/597/498 
f 939/597/498 909/572/470 908/571/469 
f 939/597/498 908/571/469 931/598/490 
f 931/598/490 908/571/469 901/382/106 
f 918/8/43 920/581/479 934/478/508 
f 920/581/479 923/583/482 940/599/499 
f 920/581/479 940/599/499 934/478/508 
f 934/478/508 940/599/499 935/468/494 
f 923/583/482 927/587/486 941/600/500 
f 923/583/482 941/600/500 940/599/499 
f 940/599/499 941/600/500 942/601/501 
f 940/599/499 942/601/501 935/468/494 
f 935/468/494 942/601/501 937/595/509 
f 927/587/486 887/552/504 917/580/477 
f 927/587/486 917/580/477 941/600/500 
f 941/600/500 917/580/477 916/579/476 
f 941/600/500 916/579/476 942/601/501 
f 942/601/501 916/579/476 915/578/475 
f 942/601/501 915/578/475 937/595/509 
f 937/595/509 915/578/475 911/574/2 
usemtl 01___Default
f 943/375/44 944/545/453 945/486/510 
f 944/545/453 946/546/455 947/547/464 
f 944/545/453 947/547/464 945/486/510 
f 945/486/510 947/547/464 948/470/465 
f 946/546/455 949/548/458 950/549/466 
f 946/546/455 950/549/466 947/547/464 
f 947/547/464 950/549/466 951/550/467 
f 947/547/464 951/550/467 948/470/465 
f 948/470/465 951/550/467 952/551/468 
f 949/548/458 953/552/462 954/553/469 
f 949/548/458 954/553/469 950/549/466 
f 950/549/466 954/553/469 955/554/470 
f 950/549/466 955/554/470 951/550/467 
f 951/550/467 955/554/470 956/555/471 
f 951/550/467 956/555/471 952/551/468 
f 952/551/468 956/555/471 957/556/2 
f 943/377/44 945/486/510 958/557/441 
f 945/486/510 948/470/465 959/558/472 
f 945/486/510 959/558/472 958/557/441 
f 958/557/441 959/558/472 960/384/511 
f 948/470/465 952/551/468 961/559/473 
f 948/470/465 961/559/473 959/558/472 
f 959/558/472 961/559/473 962/560/474 
f 959/558/472 962/560/474 960/384/511 
f 960/384/511 962/560/474 963/561/512 
f 952/551/468 957/556/2 964/562/475 
f 952/551/468 964/562/475 961/559/473 
f 961/559/473 964/562/475 965/563/476 
f 961/559/473 965/563/476 962/560/474 
f 962/560/474 965/563/476 966/564/477 
f 962/560/474 966/564/477 963/561/512 
f 963/561/512 966/564/477 967/381/102 
f 943/370/44 958/565/441 968/471/442 
f 958/565/441 960/383/511 969/566/444 
f 958/565/441 969/566/444 968/471/442 
usemtl 08___Default
f 968/471/442 969/566/444 970/467/503 
usemtl 01___Default
f 960/383/511 963/567/512 971/568/447 
f 960/383/511 971/568/447 969/566/444 
usemtl 08___Default
f 969/566/444 971/568/447 972/569/448 
f 969/566/444 972/569/448 970/467/503 
f 970/467/503 972/569/448 973/570/449 
usemtl 01___Default
f 963/567/512 967/382/102 974/571/450 
f 963/567/512 974/571/450 971/568/447 
usemtl 08___Default
f 971/568/447 974/571/450 975/572/451 
f 971/568/447 975/572/451 972/569/448 
f 972/569/448 975/572/451 976/573/452 
f 972/569/448 976/573/452 973/570/449 
f 973/570/449 976/573/452 977/574/4 
usemtl 01___Default
f 943/373/44 968/471/442 944/545/453 
usemtl 08___Default
f 968/471/442 970/467/503 978/575/454 
usemtl 01___Default
f 968/471/442 978/575/454 944/545/453 
f 944/545/453 978/575/454 946/546/455 
usemtl 08___Default
f 970/467/503 973/570/449 979/576/456 
f 970/467/503 979/576/456 978/575/454 
f 978/575/454 979/576/456 980/577/457 
usemtl 01___Default
f 978/575/454 980/577/457 946/546/455 
f 946/546/455 980/577/457 949/548/458 
usemtl 08___Default
f 973/570/449 977/574/4 981/578/459 
f 973/570/449 981/578/459 979/576/456 
f 979/576/456 981/578/459 982/579/460 
f 979/576/456 982/579/460 980/577/457 
f 980/577/457 982/579/460 983/580/461 
usemtl 01___Default
f 980/577/457 983/580/461 949/548/458 
f 949/548/458 983/580/461 953/552/462 
f 984/12/43 985/479/508 986/581/487 
f 985/479/508 987/469/513 988/582/495 
f 985/479/508 988/582/495 986/581/487 
f 986/581/487 988/582/495 989/583/514 
f 987/469/513 990/584/496 991/585/497 
f 987/469/513 991/585/497 988/582/495 
f 988/582/495 991/585/497 992/586/498 
f 988/582/495 992/586/498 989/583/514 
f 989/583/514 992/586/498 993/587/515 
f 990/584/496 957/556/2 956/555/471 
f 990/584/496 956/555/471 991/585/497 
f 991/585/497 956/555/471 955/554/470 
f 991/585/497 955/554/470 992/586/498 
f 992/586/498 955/554/470 954/553/469 
f 992/586/498 954/553/469 993/587/515 
f 993/587/515 954/553/469 953/552/462 
f 984/16/43 994/588/479 985/479/508 
f 994/588/479 995/380/482 996/589/499 
f 994/588/479 996/589/499 985/479/508 
f 985/479/508 996/589/499 987/469/513 
f 995/380/482 997/590/486 998/591/500 
f 995/380/482 998/591/500 996/589/499 
f 996/589/499 998/591/500 999/592/501 
f 996/589/499 999/592/501 987/469/513 
f 987/469/513 999/592/501 990/584/496 
f 997/590/486 967/381/102 966/564/477 
f 997/590/486 966/564/477 998/591/500 
f 998/591/500 966/564/477 965/563/476 
f 998/591/500 965/563/476 999/592/501 
f 999/592/501 965/563/476 964/562/475 
f 999/592/501 964/562/475 990/584/496 
f 990/584/496 964/562/475 957/556/2 
f 984/4/43 1000/478/478 994/593/479 
usemtl 08___Default
f 1000/478/478 1001/468/480 1002/594/481 
usemtl 01___Default
f 1000/478/478 1002/594/481 994/593/479 
f 994/593/479 1002/594/481 995/379/482 
usemtl 08___Default
f 1001/468/480 1003/595/516 1004/596/484 
f 1001/468/480 1004/596/484 1002/594/481 
f 1002/594/481 1004/596/484 1005/597/485 
usemtl 01___Default
f 1002/594/481 1005/597/485 995/379/482 
f 995/379/482 1005/597/485 997/598/486 
usemtl 08___Default
f 1003/595/516 977/574/4 976/573/452 
f 1003/595/516 976/573/452 1004/596/484 
f 1004/596/484 976/573/452 975/572/451 
f 1004/596/484 975/572/451 1005/597/485 
f 1005/597/485 975/572/451 974/571/450 
usemtl 01___Default
f 1005/597/485 974/571/450 997/598/486 
f 997/598/486 974/571/450 967/382/102 
f 984/8/43 986/581/487 1000/478/478 
f 986/581/487 989/583/514 1006/599/489 
f 986/581/487 1006/599/489 1000/478/478 
usemtl 08___Default
f 1000/478/478 1006/599/489 1001/468/480 
usemtl 01___Default
f 989/583/514 993/587/515 1007/600/491 
f 989/583/514 1007/600/491 1006/599/489 
usemtl 08___Default
f 1006/599/489 1007/600/491 1008/601/492 
f 1006/599/489 1008/601/492 1001/468/480 
f 1001/468/480 1008/601/492 1003/595/516 
usemtl 01___Default
f 993/587/515 953/552/462 983/580/461 
f 993/587/515 983/580/461 1007/600/491 
usemtl 08___Default
f 1007/600/491 983/580/461 982/579/460 
f 1007/600/491 982/579/460 1008/601/492 
f 1008/601/492 982/579/460 981/578/459 
f 1008/601/492 981/578/459 1003/595/516 
f 1003/595/516 981/578/459 977/574/4 
usemtl 01___Default
f 1009/1/1 1010/2/1 1011/3/1 1012/4/1 
f 1013/5/2 1009/1/2 1012/4/2 1014/6/2 
usemtl Material__309
f 1015/7/2 1013/5/2 1014/6/2 1016/8/2 
f 1017/9/2 1015/7/2 1016/8/2 1018/10/2 
usemtl Material__308
f 1019/11/3 1017/9/3 1018/10/3 1020/12/3 
usemtl 01___Default
f 1021/13/4 1022/11/4 1023/12/4 1024/14/4 
f 1025/15/4 1026/13/4 1027/14/4 1028/16/4 
f 1010/17/4 1025/15/4 1028/16/4 1011/18/4 
f 1029/19/5 1030/20/5 1010/2/5 1009/1/5 
f 1031/21/2 1029/19/2 1009/1/2 1013/5/2 
usemtl Material__309
f 1032/22/2 1031/21/2 1013/5/2 1015/7/2 
f 1033/23/2 1032/22/2 1015/7/2 1017/9/2 
usemtl Material__308
f 1034/24/6 1033/23/6 1017/9/6 1019/11/6 
usemtl 01___Default
f 1035/25/4 1036/24/4 1022/11/4 1021/13/4 
f 1037/26/4 1038/25/4 1026/13/4 1025/15/4 
f 1030/27/4 1037/26/4 1025/15/4 1010/17/4 
f 1039/28/7 1040/29/7 1030/20/7 1029/19/7 
f 1041/30/2 1039/28/2 1029/19/2 1031/21/2 
usemtl Material__309
f 1042/31/2 1041/30/2 1031/21/2 1032/22/2 
f 1043/32/2 1042/31/2 1032/22/2 1033/23/2 
usemtl Material__308
f 1044/33/8 1043/32/8 1033/23/8 1034/24/8 
usemtl 01___Default
f 1045/34/4 1046/33/4 1036/24/4 1035/25/4 
f 1047/35/4 1048/34/4 1038/25/4 1037/26/4 
f 1040/36/4 1047/35/4 1037/26/4 1030/27/4 
f 1049/37/9 1050/38/9 1040/29/9 1039/28/9 
f 1051/39/2 1049/37/2 1039/28/2 1041/30/2 
usemtl Material__309
f 1052/40/2 1051/39/2 1041/30/2 1042/31/2 
f 1053/41/2 1052/40/2 1042/31/2 1043/32/2 
usemtl Material__308
f 1054/42/10 1053/41/10 1043/32/10 1044/33/10 
usemtl 01___Default
f 1055/43/4 1056/42/4 1046/33/4 1045/34/4 
f 1057/44/4 1058/43/4 1048/34/4 1047/35/4 
f 1050/45/4 1057/44/4 1047/35/4 1040/36/4 
f 1059/46/11 1060/47/11 1050/38/11 1049/37/11 
f 1061/48/2 1059/46/2 1049/37/2 1051/39/2 
usemtl Material__309
f 1062/49/2 1061/48/2 1051/39/2 1052/40/2 
f 1063/50/2 1062/49/2 1052/40/2 1053/41/2 
usemtl Material__308
f 1064/51/12 1063/50/12 1053/41/12 1054/42/12 
usemtl 01___Default
f 1065/52/4 1066/51/4 1056/42/4 1055/43/4 
f 1067/53/4 1068/52/4 1058/43/4 1057/44/4 
f 1060/54/4 1067/53/4 1057/44/4 1050/45/4 
f 1069/55/13 1070/56/13 1060/47/13 1059/46/13 
f 1071/57/2 1069/55/2 1059/46/2 1061/48/2 
usemtl Material__309
f 1072/58/2 1071/57/2 1061/48/2 1062/49/2 
f 1073/59/2 1072/58/2 1062/49/2 1063/50/2 
usemtl Material__308
f 1074/60/14 1073/59/14 1063/50/14 1064/51/14 
usemtl 01___Default
f 1075/61/4 1076/60/4 1066/51/4 1065/52/4 
f 1077/62/4 1078/61/4 1068/52/4 1067/53/4 
f 1070/63/4 1077/62/4 1067/53/4 1060/54/4 
f 1079/64/15 1080/65/15 1070/56/15 1069/55/15 
f 1081/66/2 1079/64/2 1069/55/2 1071/57/2 
usemtl Material__309
f 1082/67/2 1081/66/2 1071/57/2 1072/58/2 
f 1083/68/2 1082/67/2 1072/58/2 1073/59/2 
usemtl Material__308
f 1084/69/16 1083/68/16 1073/59/16 1074/60/16 
usemtl 01___Default
f 1085/70/4 1086/69/4 1076/60/4 1075/61/4 
f 1087/71/4 1088/70/4 1078/61/4 1077/62/4 
f 1080/72/4 1087/71/4 1077/62/4 1070/63/4 
f 1089/73/17 1090/74/17 1080/65/17 1079/64/17 
f 1091/75/2 1089/73/2 1079/64/2 1081/66/2 
usemtl Material__309
f 1092/76/2 1091/75/2 1081/66/2 1082/67/2 
f 1093/77/2 1092/76/2 1082/67/2 1083/68/2 
usemtl Material__308
f 1094/78/18 1093/77/18 1083/68/18 1084/69/18 
usemtl 01___Default
f 1095/79/4 1096/78/4 1086/69/4 1085/70/4 
f 1097/80/4 1098/79/4 1088/70/4 1087/71/4 
f 1090/81/4 1097/80/4 1087/71/4 1080/72/4 
f 1099/82/19 1100/83/19 1090/74/19 1089/73/19 
f 1101/84/2 1099/82/2 1089/73/2 1091/75/2 
usemtl Material__309
f 1102/85/2 1101/84/2 1091/75/2 1092/76/2 
f 1103/86/2 1102/85/2 1092/76/2 1093/77/2 
usemtl Material__308
f 1104/87/20 1103/86/20 1093/77/20 1094/78/20 
usemtl 01___Default
f 1105/88/4 1106/87/4 1096/78/4 1095/79/4 
f 1107/89/4 1108/88/4 1098/79/4 1097/80/4 
f 1100/90/4 1107/89/4 1097/80/4 1090/81/4 
f 1109/91/21 1110/92/21 1100/83/21 1099/82/21 
f 1111/93/2 1109/91/2 1099/82/2 1101/84/2 
usemtl Material__309
f 1112/94/2 1111/93/2 1101/84/2 1102/85/2 
f 1113/95/2 1112/94/2 1102/85/2 1103/86/2 
usemtl Material__308
f 1114/96/22 1113/95/22 1103/86/22 1104/87/22 
usemtl 01___Default
f 1115/97/4 1116/96/4 1106/87/4 1105/88/4 
f 1117/98/4 1118/97/4 1108/88/4 1107/89/4 
f 1110/99/4 1117/98/4 1107/89/4 1100/90/4 
f 1119/100/23 1120/101/23 1110/92/23 1109/91/23 
f 1121/102/2 1119/100/2 1109/91/2 1111/93/2 
usemtl Material__309
f 1122/103/2 1121/102/2 1111/93/2 1112/94/2 
f 1123/104/2 1122/103/2 1112/94/2 1113/95/2 
usemtl Material__308
f 1124/105/24 1123/104/24 1113/95/24 1114/96/24 
usemtl 01___Default
f 1125/106/4 1126/105/4 1116/96/4 1115/97/4 
f 1127/107/4 1128/106/4 1118/97/4 1117/98/4 
f 1120/108/4 1127/107/4 1117/98/4 1110/99/4 
f 1129/109/25 1130/110/25 1120/101/25 1119/100/25 
f 1131/111/2 1129/109/2 1119/100/2 1121/102/2 
usemtl Material__309
f 1132/112/2 1131/111/2 1121/102/2 1122/103/2 
f 1133/113/2 1132/112/2 1122/103/2 1123/104/2 
usemtl Material__308
f 1134/114/26 1133/113/26 1123/104/26 1124/105/26 
usemtl 01___Default
f 1135/115/4 1136/114/4 1126/105/4 1125/106/4 
f 1137/116/4 1138/115/4 1128/106/4 1127/107/4 
f 1130/117/4 1137/116/4 1127/107/4 1120/108/4 
f 1139/118/27 1140/119/27 1130/110/27 1129/109/27 
f 1141/120/2 1139/118/2 1129/109/2 1131/111/2 
usemtl Material__309
f 1142/121/2 1141/120/2 1131/111/2 1132/112/2 
f 1143/122/2 1142/121/2 1132/112/2 1133/113/2 
usemtl Material__308
f 1144/123/28 1143/122/28 1133/113/28 1134/114/28 
usemtl 01___Default
f 1145/124/4 1146/123/4 1136/114/4 1135/115/4 
f 1147/125/4 1148/124/4 1138/115/4 1137/116/4 
f 1140/126/4 1147/125/4 1137/116/4 1130/117/4 
f 1149/127/29 1150/128/29 1140/119/29 1139/118/29 
f 1151/129/2 1149/127/2 1139/118/2 1141/120/2 
usemtl Material__309
f 1152/130/2 1151/129/2 1141/120/2 1142/121/2 
f 1153/131/2 1152/130/2 1142/121/2 1143/122/2 
usemtl Material__308
f 1154/132/30 1153/131/30 1143/122/30 1144/123/30 
usemtl 01___Default
f 1155/133/4 1156/132/4 1146/123/4 1145/124/4 
f 1157/134/4 1158/133/4 1148/124/4 1147/125/4 
f 1150/135/4 1157/134/4 1147/125/4 1140/126/4 
f 1159/136/31 1160/137/31 1150/128/31 1149/127/31 
f 1161/138/2 1159/136/2 1149/127/2 1151/129/2 
usemtl Material__309
f 1162/139/2 1161/138/2 1151/129/2 1152/130/2 
f 1163/140/2 1162/139/2 1152/130/2 1153/131/2 
usemtl Material__308
f 1164/141/32 1163/140/32 1153/131/32 1154/132/32 
usemtl 01___Default
f 1165/142/4 1166/141/4 1156/132/4 1155/133/4 
f 1167/143/4 1168/142/4 1158/133/4 1157/134/4 
f 1160/144/4 1167/143/4 1157/134/4 1150/135/4 
f 1169/145/33 1170/146/33 1160/137/33 1159/136/33 
f 1171/147/2 1169/145/2 1159/136/2 1161/138/2 
usemtl Material__309
f 1172/148/2 1171/147/2 1161/138/2 1162/139/2 
f 1173/149/2 1172/148/2 1162/139/2 1163/140/2 
usemtl Material__308
f 1174/150/34 1173/149/34 1163/140/34 1164/141/34 
usemtl 01___Default
f 1175/151/4 1176/150/4 1166/141/4 1165/142/4 
f 1177/152/4 1178/151/4 1168/142/4 1167/143/4 
f 1170/153/4 1177/152/4 1167/143/4 1160/144/4 
f 1179/154/35 1180/155/35 1170/146/35 1169/145/35 
f 1181/156/2 1179/154/2 1169/145/2 1171/147/2 
usemtl Material__309
f 1182/157/2 1181/156/2 1171/147/2 1172/148/2 
f 1183/158/2 1182/157/2 1172/148/2 1173/149/2 
usemtl Material__308
f 1184/159/36 1183/158/36 1173/149/36 1174/150/36 
usemtl 01___Default
f 1185/160/4 1186/159/4 1176/150/4 1175/151/4 
f 1187/161/4 1188/160/4 1178/151/4 1177/152/4 
f 1180/162/4 1187/161/4 1177/152/4 1170/153/4 
f 1189/163/37 1190/164/37 1180/155/37 1179/154/37 
f 1191/165/2 1189/163/2 1179/154/2 1181/156/2 
usemtl Material__309
f 1192/166/2 1191/165/2 1181/156/2 1182/157/2 
f 1193/167/2 1192/166/2 1182/157/2 1183/158/2 
usemtl Material__308
f 1194/168/38 1193/167/38 1183/158/38 1184/159/38 
usemtl 01___Default
f 1195/169/4 1196/168/4 1186/159/4 1185/160/4 
f 1197/170/4 1198/169/4 1188/160/4 1187/161/4 
f 1190/171/4 1197/170/4 1187/161/4 1180/162/4 
f 1199/172/39 1200/173/39 1190/164/39 1189/163/39 
f 1201/174/2 1199/172/2 1189/163/2 1191/165/2 
usemtl Material__309
f 1202/175/2 1201/174/2 1191/165/2 1192/166/2 
f 1203/176/2 1202/175/2 1192/166/2 1193/167/2 
usemtl Material__308
f 1204/177/40 1203/176/40 1193/167/40 1194/168/40 
usemtl 01___Default
f 1205/178/4 1206/177/4 1196/168/4 1195/169/4 
f 1207/179/4 1208/178/4 1198/169/4 1197/170/4 
f 1200/180/4 1207/179/4 1197/170/4 1190/171/4 
f 1209/181/41 1210/182/41 1200/173/41 1199/172/41 
f 1211/183/2 1209/181/2 1199/172/2 1201/174/2 
usemtl Material__309
f 1212/184/2 1211/183/2 1201/174/2 1202/175/2 
f 1213/185/2 1212/184/2 1202/175/2 1203/176/2 
usemtl Material__308
f 1214/186/42 1213/185/42 1203/176/42 1204/177/42 
usemtl 01___Default
f 1215/187/4 1216/186/4 1206/177/4 1205/178/4 
f 1217/188/4 1218/187/4 1208/178/4 1207/179/4 
f 1210/189/4 1217/188/4 1207/179/4 1200/180/4 
f 1219/190/43 1220/191/43 1210/182/43 1209/181/43 
f 1221/192/2 1219/190/2 1209/181/2 1211/183/2 
usemtl Material__309
f 1222/193/2 1221/192/2 1211/183/2 1212/184/2 
f 1223/194/2 1222/193/2 1212/184/2 1213/185/2 
usemtl Material__308
f 1224/195/44 1223/194/44 1213/185/44 1214/186/44 
usemtl 01___Default
f 1225/196/4 1226/195/4 1216/186/4 1215/187/4 
f 1227/197/4 1228/196/4 1218/187/4 1217/188/4 
f 1220/198/4 1227/197/4 1217/188/4 1210/189/4 
f 1229/199/45 1230/200/45 1220/191/45 1219/190/45 
f 1231/201/2 1229/199/2 1219/190/2 1221/192/2 
usemtl Material__309
f 1232/202/2 1231/201/2 1221/192/2 1222/193/2 
f 1233/203/2 1232/202/2 1222/193/2 1223/194/2 
usemtl Material__308
f 1234/204/46 1233/203/46 1223/194/46 1224/195/46 
usemtl 01___Default
f 1235/205/4 1236/204/4 1226/195/4 1225/196/4 
f 1237/206/4 1238/205/4 1228/196/4 1227/197/4 
f 1230/207/4 1237/206/4 1227/197/4 1220/198/4 
f 1239/208/47 1240/209/47 1230/200/47 1229/199/47 
f 1241/210/2 1239/208/2 1229/199/2 1231/201/2 
usemtl Material__309
f 1242/211/2 1241/210/2 1231/201/2 1232/202/2 
f 1243/212/2 1242/211/2 1232/202/2 1233/203/2 
usemtl Material__308
f 1244/213/48 1243/212/48 1233/203/48 1234/204/48 
usemtl 01___Default
f 1245/214/4 1246/213/4 1236/204/4 1235/205/4 
f 1247/215/4 1248/214/4 1238/205/4 1237/206/4 
f 1240/216/4 1247/215/4 1237/206/4 1230/207/4 
f 1249/217/49 1250/218/49 1240/209/49 1239/208/49 
f 1251/219/2 1249/217/2 1239/208/2 1241/210/2 
usemtl Material__309
f 1252/220/2 1251/219/2 1241/210/2 1242/211/2 
f 1253/221/2 1252/220/2 1242/211/2 1243/212/2 
usemtl Material__308
f 1254/222/50 1253/221/50 1243/212/50 1244/213/50 
usemtl 01___Default
f 1255/223/4 1256/222/4 1246/213/4 1245/214/4 
f 1257/224/4 1258/223/4 1248/214/4 1247/215/4 
f 1250/225/4 1257/224/4 1247/215/4 1240/216/4 
f 1259/226/51 1260/227/51 1250/218/51 1249/217/51 
f 1261/228/2 1259/226/2 1249/217/2 1251/219/2 
usemtl Material__309
f 1262/229/2 1261/228/2 1251/219/2 1252/220/2 
f 1263/230/2 1262/229/2 1252/220/2 1253/221/2 
usemtl Material__308
f 1264/231/52 1263/230/52 1253/221/52 1254/222/52 
usemtl 01___Default
f 1265/232/4 1266/231/4 1256/222/4 1255/223/4 
f 1267/233/4 1268/232/4 1258/223/4 1257/224/4 
f 1260/234/4 1267/233/4 1257/224/4 1250/225/4 
f 1269/235/53 1270/236/53 1260/227/53 1259/226/53 
f 1271/237/2 1269/235/2 1259/226/2 1261/228/2 
usemtl Material__309
f 1272/238/2 1271/237/2 1261/228/2 1262/229/2 
f 1273/239/2 1272/238/2 1262/229/2 1263/230/2 
usemtl Material__308
f 1274/240/54 1273/239/54 1263/230/54 1264/231/54 
usemtl 01___Default
f 1275/241/4 1276/240/4 1266/231/4 1265/232/4 
f 1277/242/4 1278/241/4 1268/232/4 1267/233/4 
f 1270/243/4 1277/242/4 1267/233/4 1260/234/4 
f 1279/244/55 1280/245/55 1270/236/55 1269/235/55 
f 1281/246/2 1279/244/2 1269/235/2 1271/237/2 
usemtl Material__309
f 1282/247/2 1281/246/2 1271/237/2 1272/238/2 
f 1283/248/2 1282/247/2 1272/238/2 1273/239/2 
usemtl Material__308
f 1284/249/56 1283/248/56 1273/239/56 1274/240/56 
usemtl 01___Default
f 1285/250/4 1286/249/4 1276/240/4 1275/241/4 
f 1287/251/4 1288/250/4 1278/241/4 1277/242/4 
f 1280/252/4 1287/251/4 1277/242/4 1270/243/4 
f 1289/253/57 1290/254/57 1280/245/57 1279/244/57 
f 1291/255/2 1289/253/2 1279/244/2 1281/246/2 
usemtl Material__309
f 1292/256/2 1291/255/2 1281/246/2 1282/247/2 
f 1293/257/2 1292/256/2 1282/247/2 1283/248/2 
usemtl Material__308
f 1294/258/58 1293/257/58 1283/248/58 1284/249/58 
usemtl 01___Default
f 1295/259/4 1296/258/4 1286/249/4 1285/250/4 
f 1297/260/4 1298/259/4 1288/250/4 1287/251/4 
f 1290/261/4 1297/260/4 1287/251/4 1280/252/4 
f 1299/262/59 1300/263/59 1290/254/59 1289/253/59 
f 1301/264/2 1299/262/2 1289/253/2 1291/255/2 
usemtl Material__309
f 1302/265/2 1301/264/2 1291/255/2 1292/256/2 
f 1303/266/2 1302/265/2 1292/256/2 1293/257/2 
usemtl Material__308
f 1304/267/60 1303/266/60 1293/257/60 1294/258/60 
usemtl 01___Default
f 1305/268/4 1306/267/4 1296/258/4 1295/259/4 
f 1307/269/4 1308/268/4 1298/259/4 1297/260/4 
f 1300/270/4 1307/269/4 1297/260/4 1290/261/4 
f 1309/271/61 1310/272/61 1300/263/61 1299/262/61 
f 1311/273/2 1309/271/2 1299/262/2 1301/264/2 
usemtl Material__309
f 1312/274/2 1311/273/2 1301/264/2 1302/265/2 
f 1313/275/2 1312/274/2 1302/265/2 1303/266/2 
usemtl Material__308
f 1314/276/62 1313/275/62 1303/266/62 1304/267/62 
usemtl 01___Default
f 1315/277/4 1316/276/4 1306/267/4 1305/268/4 
f 1317/278/4 1318/277/4 1308/268/4 1307/269/4 
f 1310/279/4 1317/278/4 1307/269/4 1300/270/4 
f 1319/280/63 1320/281/63 1310/272/63 1309/271/63 
f 1321/282/2 1319/280/2 1309/271/2 1311/273/2 
usemtl Material__309
f 1322/283/2 1321/282/2 1311/273/2 1312/274/2 
f 1323/284/2 1322/283/2 1312/274/2 1313/275/2 
usemtl Material__308
f 1324/285/64 1323/284/64 1313/275/64 1314/276/64 
usemtl 01___Default
f 1325/286/4 1326/285/4 1316/276/4 1315/277/4 
f 1327/287/4 1328/286/4 1318/277/4 1317/278/4 
f 1320/288/4 1327/287/4 1317/278/4 1310/279/4 
f 1329/289/65 1330/290/65 1320/281/65 1319/280/65 
f 1331/291/2 1329/289/2 1319/280/2 1321/282/2 
usemtl Material__309
f 1332/292/2 1331/291/2 1321/282/2 1322/283/2 
f 1333/293/2 1332/292/2 1322/283/2 1323/284/2 
usemtl Material__308
f 1334/294/66 1333/293/66 1323/284/66 1324/285/66 
usemtl 01___Default
f 1335/295/4 1336/294/4 1326/285/4 1325/286/4 
f 1337/296/4 1338/295/4 1328/286/4 1327/287/4 
f 1330/297/4 1337/296/4 1327/287/4 1320/288/4 
f 1339/298/67 1340/299/67 1330/290/67 1329/289/67 
f 1341/300/2 1339/298/2 1329/289/2 1331/291/2 
usemtl Material__309
f 1342/301/2 1341/300/2 1331/291/2 1332/292/2 
f 1343/302/2 1342/301/2 1332/292/2 1333/293/2 
usemtl Material__308
f 1344/303/68 1343/302/68 1333/293/68 1334/294/68 
usemtl 01___Default
f 1345/304/4 1346/303/4 1336/294/4 1335/295/4 
f 1347/305/4 1348/304/4 1338/295/4 1337/296/4 
f 1340/306/4 1347/305/4 1337/296/4 1330/297/4 
f 1349/307/69 1350/308/69 1340/299/69 1339/298/69 
f 1351/309/2 1349/307/2 1339/298/2 1341/300/2 
usemtl Material__309
f 1352/310/2 1351/309/2 1341/300/2 1342/301/2 
f 1353/311/2 1352/310/2 1342/301/2 1343/302/2 
usemtl Material__308
f 1354/312/70 1353/311/70 1343/302/70 1344/303/70 
usemtl 01___Default
f 1355/313/4 1356/312/4 1346/303/4 1345/304/4 
f 1357/314/4 1358/313/4 1348/304/4 1347/305/4 
f 1350/315/4 1357/314/4 1347/305/4 1340/306/4 
f 1359/316/71 1360/317/71 1350/308/71 1349/307/71 
f 1361/318/2 1359/316/2 1349/307/2 1351/309/2 
usemtl Material__309
f 1362/319/2 1361/318/2 1351/309/2 1352/310/2 
f 1363/320/2 1362/319/2 1352/310/2 1353/311/2 
usemtl Material__308
f 1364/321/72 1363/320/72 1353/311/72 1354/312/72 
usemtl 01___Default
f 1365/322/4 1366/321/4 1356/312/4 1355/313/4 
f 1367/323/4 1368/322/4 1358/313/4 1357/314/4 
f 1360/324/4 1367/323/4 1357/314/4 1350/315/4 
f 1369/325/73 1370/326/73 1360/317/73 1359/316/73 
f 1371/327/2 1369/325/2 1359/316/2 1361/318/2 
usemtl Material__309
f 1372/328/2 1371/327/2 1361/318/2 1362/319/2 
f 1373/329/2 1372/328/2 1362/319/2 1363/320/2 
usemtl Material__308
f 1374/330/74 1373/329/74 1363/320/74 1364/321/74 
usemtl 01___Default
f 1375/331/4 1376/330/4 1366/321/4 1365/322/4 
f 1377/332/4 1378/331/4 1368/322/4 1367/323/4 
f 1370/333/4 1377/332/4 1367/323/4 1360/324/4 
f 1379/334/75 1380/335/75 1370/326/75 1369/325/75 
f 1381/336/2 1379/334/2 1369/325/2 1371/327/2 
usemtl Material__309
f 1382/337/2 1381/336/2 1371/327/2 1372/328/2 
f 1383/338/2 1382/337/2 1372/328/2 1373/329/2 
usemtl Material__308
f 1384/339/76 1383/338/76 1373/329/76 1374/330/76 
usemtl 01___Default
f 1385/340/4 1386/339/4 1376/330/4 1375/331/4 
f 1387/341/4 1388/340/4 1378/331/4 1377/332/4 
f 1380/342/4 1387/341/4 1377/332/4 1370/333/4 
f 1389/343/77 1390/344/77 1380/335/77 1379/334/77 
f 1391/345/2 1389/343/2 1379/334/2 1381/336/2 
usemtl Material__309
f 1392/346/2 1391/345/2 1381/336/2 1382/337/2 
f 1393/347/2 1392/346/2 1382/337/2 1383/338/2 
usemtl Material__308
f 1394/348/78 1393/347/78 1383/338/78 1384/339/78 
usemtl 01___Default
f 1395/349/4 1396/348/4 1386/339/4 1385/340/4 
f 1397/350/4 1398/349/4 1388/340/4 1387/341/4 
f 1390/351/4 1397/350/4 1387/341/4 1380/342/4 
f 1399/352/79 1400/353/79 1390/344/79 1389/343/79 
f 1401/354/2 1399/352/2 1389/343/2 1391/345/2 
usemtl Material__309
f 1402/355/2 1401/354/2 1391/345/2 1392/346/2 
f 1403/356/2 1402/355/2 1392/346/2 1393/347/2 
usemtl Material__308
f 1404/357/80 1403/356/80 1393/347/80 1394/348/80 
usemtl 01___Default
f 1405/358/4 1406/357/4 1396/348/4 1395/349/4 
f 1407/359/4 1408/358/4 1398/349/4 1397/350/4 
f 1400/360/4 1407/359/4 1397/350/4 1390/351/4 
f 1409/361/81 1410/362/81 1400/353/81 1399/352/81 
f 1411/363/2 1409/361/2 1399/352/2 1401/354/2 
usemtl Material__309
f 1412/364/2 1411/363/2 1401/354/2 1402/355/2 
f 1413/365/2 1412/364/2 1402/355/2 1403/356/2 
usemtl Material__308
f 1414/366/82 1413/365/82 1403/356/82 1404/357/82 
usemtl 01___Default
f 1415/367/4 1416/366/4 1406/357/4 1405/358/4 
f 1417/368/4 1418/367/4 1408/358/4 1407/359/4 
f 1410/369/4 1417/368/4 1407/359/4 1400/360/4 
f 1012/370/83 1011/371/83 1410/362/83 1409/361/83 
f 1014/372/2 1012/370/2 1409/361/2 1411/363/2 
usemtl Material__309
f 1016/373/2 1014/372/2 1411/363/2 1412/364/2 
f 1018/374/2 1016/373/2 1412/364/2 1413/365/2 
usemtl Material__308
f 1020/375/84 1018/374/84 1413/365/84 1414/366/84 
usemtl 01___Default
f 1024/376/4 1023/375/4 1416/366/4 1415/367/4 
f 1028/377/4 1027/376/4 1418/367/4 1417/368/4 
f 1011/378/4 1028/377/4 1417/368/4 1410/369/4 
f 1023/12/3 1022/11/3 1019/11/3 1020/12/3 
f 1416/366/84 1023/375/84 1020/375/84 1414/366/84 
f 1406/357/82 1416/366/82 1414/366/82 1404/357/82 
f 1396/348/80 1406/357/80 1404/357/80 1394/348/80 
f 1386/339/78 1396/348/78 1394/348/78 1384/339/78 
f 1376/330/76 1386/339/76 1384/339/76 1374/330/76 
f 1366/321/74 1376/330/74 1374/330/74 1364/321/74 
f 1356/312/72 1366/321/72 1364/321/72 1354/312/72 
f 1346/303/70 1356/312/70 1354/312/70 1344/303/70 
f 1336/294/68 1346/303/68 1344/303/68 1334/294/68 
f 1326/285/66 1336/294/66 1334/294/66 1324/285/66 
f 1316/276/64 1326/285/64 1324/285/64 1314/276/64 
f 1306/267/62 1316/276/62 1314/276/62 1304/267/62 
f 1296/258/60 1306/267/60 1304/267/60 1294/258/60 
f 1286/249/58 1296/258/58 1294/258/58 1284/249/58 
f 1276/240/56 1286/249/56 1284/249/56 1274/240/56 
f 1266/231/54 1276/240/54 1274/240/54 1264/231/54 
f 1256/222/52 1266/231/52 1264/231/52 1254/222/52 
f 1246/213/50 1256/222/50 1254/222/50 1244/213/50 
f 1236/204/48 1246/213/48 1244/213/48 1234/204/48 
f 1226/195/46 1236/204/46 1234/204/46 1224/195/46 
f 1216/186/44 1226/195/44 1224/195/44 1214/186/44 
f 1206/177/42 1216/186/42 1214/186/42 1204/177/42 
f 1196/168/40 1206/177/40 1204/177/40 1194/168/40 
f 1186/159/38 1196/168/38 1194/168/38 1184/159/38 
f 1176/150/36 1186/159/36 1184/159/36 1174/150/36 
f 1166/141/34 1176/150/34 1174/150/34 1164/141/34 
f 1156/132/32 1166/141/32 1164/141/32 1154/132/32 
f 1146/123/30 1156/132/30 1154/132/30 1144/123/30 
f 1136/114/28 1146/123/28 1144/123/28 1134/114/28 
f 1126/105/26 1136/114/26 1134/114/26 1124/105/26 
f 1116/96/24 1126/105/24 1124/105/24 1114/96/24 
f 1106/87/22 1116/96/22 1114/96/22 1104/87/22 
f 1096/78/20 1106/87/20 1104/87/20 1094/78/20 
f 1086/69/18 1096/78/18 1094/78/18 1084/69/18 
f 1076/60/16 1086/69/16 1084/69/16 1074/60/16 
f 1066/51/14 1076/60/14 1074/60/14 1064/51/14 
f 1056/42/12 1066/51/12 1064/51/12 1054/42/12 
f 1046/33/10 1056/42/10 1054/42/10 1044/33/10 
f 1036/24/8 1046/33/8 1044/33/8 1034/24/8 
f 1022/11/6 1036/24/6 1034/24/6 1019/11/6 
f 1021/13/1 1024/14/1 1027/14/1 1026/13/1 
f 1035/25/5 1021/13/5 1026/13/5 1038/25/5 
f 1045/34/7 1035/25/7 1038/25/7 1048/34/7 
f 1055/43/9 1045/34/9 1048/34/9 1058/43/9 
f 1065/52/11 1055/43/11 1058/43/11 1068/52/11 
f 1075/61/13 1065/52/13 1068/52/13 1078/61/13 
f 1085/70/15 1075/61/15 1078/61/15 1088/70/15 
f 1095/79/17 1085/70/17 1088/70/17 1098/79/17 
f 1105/88/19 1095/79/19 1098/79/19 1108/88/19 
f 1115/97/21 1105/88/21 1108/88/21 1118/97/21 
f 1125/106/23 1115/97/23 1118/97/23 1128/106/23 
f 1135/115/25 1125/106/25 1128/106/25 1138/115/25 
f 1145/124/27 1135/115/27 1138/115/27 1148/124/27 
f 1155/133/29 1145/124/29 1148/124/29 1158/133/29 
f 1165/142/31 1155/133/31 1158/133/31 1168/142/31 
f 1175/151/33 1165/142/33 1168/142/33 1178/151/33 
f 1185/160/35 1175/151/35 1178/151/35 1188/160/35 
f 1195/169/37 1185/160/37 1188/160/37 1198/169/37 
f 1205/178/39 1195/169/39 1198/169/39 1208/178/39 
f 1215/187/41 1205/178/41 1208/178/41 1218/187/41 
f 1225/196/43 1215/187/43 1218/187/43 1228/196/43 
f 1235/205/45 1225/196/45 1228/196/45 1238/205/45 
f 1245/214/47 1235/205/47 1238/205/47 1248/214/47 
f 1255/223/49 1245/214/49 1248/214/49 1258/223/49 
f 1265/232/51 1255/223/51 1258/223/51 1268/232/51 
f 1275/241/53 1265/232/53 1268/232/53 1278/241/53 
f 1285/250/55 1275/241/55 1278/241/55 1288/250/55 
f 1295/259/57 1285/250/57 1288/250/57 1298/259/57 
f 1305/268/59 1295/259/59 1298/259/59 1308/268/59 
f 1315/277/61 1305/268/61 1308/268/61 1318/277/61 
f 1325/286/63 1315/277/63 1318/277/63 1328/286/63 
f 1335/295/65 1325/286/65 1328/286/65 1338/295/65 
f 1345/304/67 1335/295/67 1338/295/67 1348/304/67 
f 1355/313/69 1345/304/69 1348/304/69 1358/313/69 
f 1365/322/71 1355/313/71 1358/313/71 1368/322/71 
f 1375/331/73 1365/322/73 1368/322/73 1378/331/73 
f 1385/340/75 1375/331/75 1378/331/75 1388/340/75 
f 1395/349/77 1385/340/77 1388/340/77 1398/349/77 
f 1405/358/79 1395/349/79 1398/349/79 1408/358/79 
f 1415/367/81 1405/358/81 1408/358/81 1418/367/81 
f 1024/376/83 1415/367/83 1418/367/83 1027/376/83 
f 1419/1/517 1420/2/517 1421/3/517 1422/4/517 
f 1423/5/4 1419/1/4 1422/4/4 1424/6/4 
usemtl Material__311
f 1425/7/4 1423/5/4 1424/6/4 1426/8/4 
f 1427/9/4 1425/7/4 1426/8/4 1428/10/4 
usemtl 01___Default
f 1429/13/2 1430/11/2 1431/12/2 1432/14/2 
f 1433/15/2 1434/13/2 1435/14/2 1436/16/2 
f 1420/17/2 1433/15/2 1436/16/2 1421/18/2 
f 1437/19/81 1438/20/81 1420/2/81 1419/1/81 
f 1439/21/4 1437/19/149 1419/1/4 1423/5/4 
usemtl Material__311
f 1440/22/4 1439/21/4 1423/5/4 1425/7/4 
f 1441/23/4 1440/22/4 1425/7/4 1427/9/4 
usemtl 01___Default
f 1442/25/2 1443/24/2 1430/11/2 1429/13/2 
f 1444/26/2 1445/25/2 1434/13/2 1433/15/2 
f 1438/27/2 1444/26/2 1433/15/2 1420/17/2 
f 1446/28/518 1447/29/518 1438/20/518 1437/19/518 
f 1448/30/149 1446/28/149 1437/19/149 1439/21/149 
usemtl Material__311
f 1449/31/4 1448/30/4 1439/21/4 1440/22/4 
f 1450/32/4 1449/31/4 1440/22/4 1441/23/4 
usemtl 01___Default
f 1451/34/2 1452/33/2 1443/24/2 1442/25/2 
f 1453/35/2 1454/34/2 1445/25/2 1444/26/2 
f 1447/36/2 1453/35/2 1444/26/2 1438/27/2 
f 1455/37/519 1456/38/519 1447/29/519 1446/28/519 
f 1457/39/149 1455/37/149 1446/28/149 1448/30/149 
usemtl Material__311
f 1458/40/4 1457/39/4 1448/30/4 1449/31/4 
f 1459/41/4 1458/40/4 1449/31/4 1450/32/4 
usemtl 01___Default
f 1460/42/520 1459/41/520 1450/32/520 1461/33/520 
f 1462/43/2 1463/42/2 1452/33/2 1451/34/2 
f 1464/44/2 1465/43/2 1454/34/2 1453/35/2 
f 1456/45/2 1464/44/2 1453/35/2 1447/36/2 
f 1466/46/521 1467/47/521 1456/38/521 1455/37/521 
f 1468/48/149 1466/46/149 1455/37/149 1457/39/149 
usemtl Material__311
f 1469/49/4 1468/48/4 1457/39/4 1458/40/4 
f 1470/50/4 1469/49/4 1458/40/4 1459/41/4 
usemtl 01___Default
f 1471/51/522 1470/50/522 1459/41/522 1460/42/522 
f 1472/52/2 1473/51/2 1463/42/2 1462/43/2 
f 1474/53/2 1475/52/2 1465/43/2 1464/44/2 
f 1467/54/2 1474/53/2 1464/44/2 1456/45/2 
f 1476/55/523 1477/56/523 1467/47/523 1466/46/523 
f 1478/57/4 1476/55/4 1466/46/4 1468/48/4 
usemtl Material__311
f 1479/58/4 1478/57/4 1468/48/4 1469/49/4 
f 1480/59/4 1479/58/4 1469/49/4 1470/50/4 
usemtl 01___Default
f 1481/60/524 1480/59/524 1470/50/524 1471/51/524 
f 1482/61/2 1483/60/2 1473/51/2 1472/52/2 
f 1484/62/2 1485/61/2 1475/52/2 1474/53/2 
f 1477/63/2 1484/62/2 1474/53/2 1467/54/2 
f 1486/64/525 1487/65/525 1477/56/525 1476/55/525 
f 1488/66/4 1486/64/4 1476/55/4 1478/57/4 
usemtl Material__311
f 1489/67/149 1488/66/149 1478/57/149 1479/58/149 
f 1490/68/4 1489/67/4 1479/58/4 1480/59/4 
usemtl 01___Default
f 1491/69/526 1490/68/526 1480/59/526 1481/60/526 
f 1492/70/2 1493/69/2 1483/60/2 1482/61/2 
f 1494/71/2 1495/70/2 1485/61/2 1484/62/2 
f 1487/72/2 1494/71/2 1484/62/2 1477/63/2 
f 1496/73/527 1497/74/527 1487/65/527 1486/64/527 
f 1498/75/4 1496/73/4 1486/64/4 1488/66/4 
usemtl Material__311
f 1499/76/149 1498/75/149 1488/66/149 1489/67/149 
f 1500/77/4 1499/76/4 1489/67/4 1490/68/4 
usemtl 01___Default
f 1501/78/528 1500/77/528 1490/68/528 1491/69/528 
f 1502/79/2 1503/78/2 1493/69/2 1492/70/2 
f 1504/80/2 1505/79/2 1495/70/2 1494/71/2 
f 1497/81/2 1504/80/2 1494/71/2 1487/72/2 
f 1506/82/529 1507/83/529 1497/74/529 1496/73/529 
f 1508/84/530 1506/82/149 1496/73/530 1498/75/530 
usemtl Material__311
f 1509/85/149 1508/84/530 1498/75/149 1499/76/149 
f 1510/86/4 1509/85/4 1499/76/4 1500/77/4 
usemtl 01___Default
f 1511/87/531 1510/86/531 1500/77/531 1501/78/531 
f 1512/88/2 1513/87/2 1503/78/2 1502/79/2 
f 1514/89/2 1515/88/2 1505/79/2 1504/80/2 
f 1507/90/2 1514/89/2 1504/80/2 1497/81/2 
f 1516/91/532 1517/92/532 1507/83/532 1506/82/532 
f 1518/93/149 1516/91/149 1506/82/149 1508/84/149 
usemtl Material__311
f 1519/94/4 1518/93/4 1508/84/4 1509/85/4 
f 1520/95/4 1519/94/4 1509/85/4 1510/86/4 
usemtl 01___Default
f 1521/96/533 1520/95/533 1510/86/533 1511/87/533 
f 1522/97/2 1523/96/2 1513/87/2 1512/88/2 
f 1524/98/2 1525/97/2 1515/88/2 1514/89/2 
f 1517/99/2 1524/98/2 1514/89/2 1507/90/2 
f 1526/100/63 1527/101/63 1517/92/63 1516/91/63 
f 1528/102/4 1526/100/4 1516/91/4 1518/93/4 
usemtl Material__311
f 1529/103/4 1528/102/4 1518/93/4 1519/94/4 
f 1530/104/4 1529/103/4 1519/94/4 1520/95/4 
usemtl 01___Default
f 1531/105/64 1530/104/64 1520/95/64 1521/96/64 
f 1532/106/2 1533/105/2 1523/96/2 1522/97/2 
f 1534/107/2 1535/106/2 1525/97/2 1524/98/2 
f 1527/108/2 1534/107/2 1524/98/2 1517/99/2 
f 1536/109/61 1537/110/61 1527/101/61 1526/100/61 
f 1538/111/4 1536/109/149 1526/100/4 1528/102/4 
usemtl Material__311
f 1539/112/4 1538/111/4 1528/102/4 1529/103/4 
f 1540/113/4 1539/112/4 1529/103/4 1530/104/4 
usemtl 01___Default
f 1541/114/62 1540/113/62 1530/104/62 1531/105/62 
f 1542/115/2 1543/114/2 1533/105/2 1532/106/2 
f 1544/116/2 1545/115/2 1535/106/2 1534/107/2 
f 1537/117/2 1544/116/2 1534/107/2 1527/108/2 
f 1546/118/59 1547/119/59 1537/110/59 1536/109/59 
f 1548/120/4 1546/118/4 1536/109/4 1538/111/4 
usemtl Material__311
f 1549/121/4 1548/120/4 1538/111/4 1539/112/4 
f 1550/122/4 1549/121/4 1539/112/4 1540/113/4 
usemtl 01___Default
f 1551/123/60 1550/122/60 1540/113/60 1541/114/60 
f 1552/124/2 1553/123/2 1543/114/2 1542/115/2 
f 1554/125/2 1555/124/2 1545/115/2 1544/116/2 
f 1547/126/2 1554/125/2 1544/116/2 1537/117/2 
f 1556/127/57 1557/128/57 1547/119/57 1546/118/57 
f 1558/129/4 1556/127/4 1546/118/4 1548/120/4 
usemtl Material__311
f 1559/130/4 1558/129/4 1548/120/4 1549/121/4 
f 1560/131/4 1559/130/4 1549/121/4 1550/122/4 
usemtl 01___Default
f 1561/132/58 1560/131/58 1550/122/58 1551/123/58 
f 1562/133/2 1563/132/2 1553/123/2 1552/124/2 
f 1564/134/2 1565/133/2 1555/124/2 1554/125/2 
f 1557/135/2 1564/134/2 1554/125/2 1547/126/2 
f 1566/136/55 1567/137/55 1557/128/55 1556/127/55 
f 1568/138/4 1566/136/4 1556/127/4 1558/129/4 
usemtl Material__311
f 1569/139/4 1568/138/4 1558/129/4 1559/130/4 
f 1570/140/4 1569/139/4 1559/130/4 1560/131/4 
usemtl 01___Default
f 1571/141/56 1570/140/56 1560/131/56 1561/132/56 
f 1572/142/2 1573/141/2 1563/132/2 1562/133/2 
f 1574/143/2 1575/142/2 1565/133/2 1564/134/2 
f 1567/144/2 1574/143/2 1564/134/2 1557/135/2 
f 1576/145/53 1577/146/53 1567/137/53 1566/136/53 
f 1578/147/4 1576/145/4 1566/136/4 1568/138/4 
usemtl Material__311
f 1579/148/4 1578/147/4 1568/138/4 1569/139/4 
f 1580/149/4 1579/148/4 1569/139/4 1570/140/4 
usemtl 01___Default
f 1581/150/54 1580/149/54 1570/140/54 1571/141/54 
f 1582/151/2 1583/150/2 1573/141/2 1572/142/2 
f 1584/152/2 1585/151/2 1575/142/2 1574/143/2 
f 1577/153/2 1584/152/2 1574/143/2 1567/144/2 
f 1586/154/51 1587/155/51 1577/146/51 1576/145/51 
f 1588/156/4 1586/154/4 1576/145/4 1578/147/4 
usemtl Material__311
f 1589/157/4 1588/156/4 1578/147/4 1579/148/4 
f 1590/158/4 1589/157/4 1579/148/4 1580/149/4 
usemtl 01___Default
f 1591/159/52 1590/158/52 1580/149/52 1581/150/52 
f 1592/160/2 1593/159/2 1583/150/2 1582/151/2 
f 1594/161/2 1595/160/2 1585/151/2 1584/152/2 
f 1587/162/2 1594/161/2 1584/152/2 1577/153/2 
f 1596/163/49 1597/164/49 1587/155/49 1586/154/49 
f 1598/165/4 1596/163/4 1586/154/4 1588/156/4 
usemtl Material__311
f 1599/166/4 1598/165/4 1588/156/4 1589/157/4 
f 1600/167/4 1599/166/4 1589/157/4 1590/158/4 
usemtl 01___Default
f 1601/168/50 1600/167/50 1590/158/50 1591/159/50 
f 1602/169/2 1603/168/2 1593/159/2 1592/160/2 
f 1604/170/2 1605/169/2 1595/160/2 1594/161/2 
f 1597/171/2 1604/170/2 1594/161/2 1587/162/2 
f 1606/172/47 1607/173/47 1597/164/47 1596/163/47 
f 1608/174/4 1606/172/4 1596/163/4 1598/165/4 
usemtl Material__311
f 1609/175/4 1608/174/4 1598/165/4 1599/166/4 
f 1610/176/4 1609/175/4 1599/166/4 1600/167/4 
usemtl 01___Default
f 1611/177/48 1610/176/48 1600/167/48 1601/168/48 
f 1612/178/2 1613/177/2 1603/168/2 1602/169/2 
f 1614/179/2 1615/178/2 1605/169/2 1604/170/2 
f 1607/180/2 1614/179/2 1604/170/2 1597/171/2 
f 1616/181/45 1617/182/45 1607/173/45 1606/172/45 
f 1618/183/4 1616/181/4 1606/172/4 1608/174/4 
usemtl Material__311
f 1619/184/4 1618/183/4 1608/174/4 1609/175/4 
f 1620/185/4 1619/184/4 1609/175/4 1610/176/4 
usemtl 01___Default
f 1621/186/46 1620/185/46 1610/176/46 1611/177/46 
f 1622/187/2 1623/186/2 1613/177/2 1612/178/2 
f 1624/188/2 1625/187/2 1615/178/2 1614/179/2 
f 1617/189/2 1624/188/2 1614/179/2 1607/180/2 
f 1626/190/43 1627/191/43 1617/182/43 1616/181/43 
f 1628/192/4 1626/190/4 1616/181/4 1618/183/4 
usemtl Material__311
f 1629/193/4 1628/192/4 1618/183/4 1619/184/4 
f 1630/194/4 1629/193/4 1619/184/4 1620/185/4 
usemtl 01___Default
f 1631/195/172 1630/194/172 1620/185/172 1621/186/172 
f 1632/196/2 1633/195/2 1623/186/2 1622/187/2 
f 1634/197/2 1635/196/2 1625/187/2 1624/188/2 
f 1627/198/2 1634/197/2 1624/188/2 1617/189/2 
f 1636/199/41 1637/200/41 1627/191/41 1626/190/41 
f 1638/201/4 1636/199/4 1626/190/4 1628/192/4 
usemtl Material__311
f 1639/202/4 1638/201/4 1628/192/4 1629/193/4 
f 1640/203/4 1639/202/4 1629/193/4 1630/194/4 
usemtl 01___Default
f 1641/204/534 1640/203/534 1630/194/534 1631/195/534 
f 1642/205/2 1643/204/2 1633/195/2 1632/196/2 
f 1644/206/2 1645/205/2 1635/196/2 1634/197/2 
f 1637/207/2 1644/206/2 1634/197/2 1627/198/2 
f 1646/208/535 1647/209/535 1637/200/535 1636/199/535 
f 1648/210/4 1646/208/4 1636/199/4 1638/201/4 
usemtl Material__311
f 1649/211/4 1648/210/4 1638/201/4 1639/202/4 
f 1650/212/4 1649/211/4 1639/202/4 1640/203/4 
usemtl 01___Default
f 1651/214/2 1652/213/2 1643/204/2 1642/205/2 
f 1653/215/2 1654/214/2 1645/205/2 1644/206/2 
f 1647/216/2 1653/215/2 1644/206/2 1637/207/2 
f 1655/217/536 1656/218/536 1647/209/536 1646/208/536 
f 1657/219/4 1655/217/4 1646/208/4 1648/210/4 
usemtl Material__311
f 1658/220/4 1657/219/4 1648/210/4 1649/211/4 
f 1659/221/4 1658/220/4 1649/211/4 1650/212/4 
usemtl 01___Default
f 1660/223/2 1661/222/2 1652/213/2 1651/214/2 
f 1662/224/2 1663/223/2 1654/214/2 1653/215/2 
f 1656/225/2 1662/224/2 1653/215/2 1647/216/2 
f 1664/226/537 1665/227/537 1656/218/537 1655/217/537 
f 1666/228/4 1664/226/4 1655/217/4 1657/219/4 
usemtl Material__311
f 1667/229/4 1666/228/4 1657/219/4 1658/220/4 
f 1668/230/4 1667/229/4 1658/220/4 1659/221/4 
usemtl 01___Default
f 1669/232/2 1670/231/2 1661/222/2 1660/223/2 
f 1671/233/2 1672/232/2 1663/223/2 1662/224/2 
f 1665/234/2 1671/233/2 1662/224/2 1656/225/2 
f 1673/235/538 1674/236/538 1665/227/538 1664/226/538 
f 1675/237/4 1673/235/4 1664/226/4 1666/228/4 
usemtl Material__311
f 1676/238/4 1675/237/4 1666/228/4 1667/229/4 
f 1677/239/4 1676/238/4 1667/229/4 1668/230/4 
usemtl 01___Default
f 1678/241/2 1679/240/2 1670/231/2 1669/232/2 
f 1680/242/2 1681/241/2 1672/232/2 1671/233/2 
f 1674/243/2 1680/242/2 1671/233/2 1665/234/2 
f 1682/244/539 1683/245/539 1674/236/539 1673/235/539 
f 1684/246/4 1682/244/4 1673/235/4 1675/237/4 
usemtl Material__311
f 1685/247/4 1684/246/4 1675/237/4 1676/238/4 
f 1686/248/4 1685/247/4 1676/238/4 1677/239/4 
usemtl 01___Default
f 1687/250/2 1688/249/2 1679/240/2 1678/241/2 
f 1689/251/2 1690/250/2 1681/241/2 1680/242/2 
f 1683/252/2 1689/251/2 1680/242/2 1674/243/2 
f 1691/253/540 1692/254/540 1683/245/540 1682/244/540 
f 1693/255/4 1691/253/4 1682/244/4 1684/246/4 
usemtl Material__311
f 1694/256/4 1693/255/4 1684/246/4 1685/247/4 
f 1695/257/4 1694/256/4 1685/247/4 1686/248/4 
usemtl 01___Default
f 1696/259/2 1697/258/2 1688/249/2 1687/250/2 
f 1698/260/2 1699/259/2 1690/250/2 1689/251/2 
f 1692/261/2 1698/260/2 1689/251/2 1683/252/2 
f 1700/262/541 1701/263/541 1692/254/541 1691/253/541 
f 1702/264/4 1700/262/4 1691/253/4 1693/255/4 
usemtl Material__311
f 1703/265/4 1702/264/4 1693/255/4 1694/256/4 
f 1704/266/4 1703/265/4 1694/256/4 1695/257/4 
usemtl 01___Default
f 1705/268/2 1706/267/2 1697/258/2 1696/259/2 
f 1707/269/2 1708/268/2 1699/259/2 1698/260/2 
f 1701/270/2 1707/269/2 1698/260/2 1692/261/2 
f 1709/271/542 1710/272/542 1701/263/542 1700/262/542 
f 1711/273/4 1709/271/4 1700/262/4 1702/264/4 
usemtl Material__311
f 1712/274/4 1711/273/4 1702/264/4 1703/265/4 
f 1713/275/4 1712/274/4 1703/265/4 1704/266/4 
usemtl 01___Default
f 1714/277/2 1715/276/2 1706/267/2 1705/268/2 
f 1716/278/2 1717/277/2 1708/268/2 1707/269/2 
f 1710/279/2 1716/278/2 1707/269/2 1701/270/2 
f 1718/280/543 1719/281/543 1710/272/543 1709/271/543 
f 1720/282/4 1718/280/4 1709/271/4 1711/273/4 
usemtl Material__311
f 1721/283/4 1720/282/4 1711/273/4 1712/274/4 
f 1722/284/4 1721/283/4 1712/274/4 1713/275/4 
usemtl 01___Default
f 1723/286/2 1724/285/2 1715/276/2 1714/277/2 
f 1725/287/2 1726/286/2 1717/277/2 1716/278/2 
f 1719/288/2 1725/287/2 1716/278/2 1710/279/2 
f 1727/289/21 1728/290/21 1719/281/21 1718/280/21 
f 1729/291/4 1727/289/4 1718/280/4 1720/282/4 
usemtl Material__311
f 1730/292/4 1729/291/4 1720/282/4 1721/283/4 
f 1731/293/4 1730/292/4 1721/283/4 1722/284/4 
usemtl 01___Default
f 1732/295/2 1733/294/2 1724/285/2 1723/286/2 
f 1734/296/2 1735/295/2 1726/286/2 1725/287/2 
f 1728/297/2 1734/296/2 1725/287/2 1719/288/2 
f 1736/298/19 1737/299/19 1728/290/19 1727/289/19 
f 1738/300/4 1736/298/4 1727/289/4 1729/291/4 
usemtl Material__311
f 1739/301/4 1738/300/4 1729/291/4 1730/292/4 
f 1740/302/4 1739/301/4 1730/292/4 1731/293/4 
usemtl 01___Default
f 1741/304/2 1742/303/2 1733/294/2 1732/295/2 
f 1743/305/2 1744/304/2 1735/295/2 1734/296/2 
f 1737/306/2 1743/305/2 1734/296/2 1728/297/2 
f 1745/307/17 1746/308/17 1737/299/17 1736/298/17 
f 1747/309/4 1745/307/4 1736/298/4 1738/300/4 
usemtl Material__311
f 1748/310/4 1747/309/4 1738/300/4 1739/301/4 
f 1749/311/4 1748/310/4 1739/301/4 1740/302/4 
usemtl 01___Default
f 1750/313/2 1751/312/2 1742/303/2 1741/304/2 
f 1752/314/2 1753/313/2 1744/304/2 1743/305/2 
f 1746/315/2 1752/314/2 1743/305/2 1737/306/2 
f 1754/316/15 1755/317/15 1746/308/15 1745/307/15 
f 1756/318/4 1754/316/4 1745/307/4 1747/309/4 
usemtl Material__311
f 1757/319/4 1756/318/4 1747/309/4 1748/310/4 
f 1758/320/4 1757/319/4 1748/310/4 1749/311/4 
usemtl 01___Default
f 1759/322/2 1760/321/2 1751/312/2 1750/313/2 
f 1761/323/2 1762/322/2 1753/313/2 1752/314/2 
f 1755/324/2 1761/323/2 1752/314/2 1746/315/2 
f 1763/325/13 1764/326/13 1755/317/13 1754/316/13 
f 1765/327/4 1763/325/4 1754/316/4 1756/318/4 
usemtl Material__311
f 1766/328/4 1765/327/4 1756/318/4 1757/319/4 
f 1767/329/4 1766/328/4 1757/319/4 1758/320/4 
usemtl 01___Default
f 1768/331/2 1769/330/2 1760/321/2 1759/322/2 
f 1770/332/2 1771/331/2 1762/322/2 1761/323/2 
f 1764/333/2 1770/332/2 1761/323/2 1755/324/2 
f 1772/334/11 1773/335/11 1764/326/11 1763/325/11 
f 1774/336/4 1772/334/4 1763/325/4 1765/327/4 
usemtl Material__311
f 1775/337/4 1774/336/4 1765/327/4 1766/328/4 
f 1776/338/4 1775/337/4 1766/328/4 1767/329/4 
usemtl 01___Default
f 1777/340/2 1778/339/2 1769/330/2 1768/331/2 
f 1779/341/2 1780/340/2 1771/331/2 1770/332/2 
f 1773/342/2 1779/341/2 1770/332/2 1764/333/2 
f 1781/343/9 1782/344/9 1773/335/9 1772/334/9 
f 1783/345/4 1781/343/4 1772/334/4 1774/336/4 
usemtl Material__311
f 1784/346/4 1783/345/4 1774/336/4 1775/337/4 
f 1785/347/4 1784/346/4 1775/337/4 1776/338/4 
usemtl 01___Default
f 1786/349/2 1787/348/2 1778/339/2 1777/340/2 
f 1788/350/2 1789/349/2 1780/340/2 1779/341/2 
f 1782/351/2 1788/350/2 1779/341/2 1773/342/2 
f 1790/352/7 1791/353/7 1782/344/7 1781/343/7 
f 1792/354/4 1790/352/4 1781/343/4 1783/345/4 
usemtl Material__311
f 1793/355/4 1792/354/4 1783/345/4 1784/346/4 
f 1794/356/4 1793/355/4 1784/346/4 1785/347/4 
usemtl 01___Default
f 1795/358/2 1796/357/2 1787/348/2 1786/349/2 
f 1797/359/2 1798/358/2 1789/349/2 1788/350/2 
f 1791/360/2 1797/359/2 1788/350/2 1782/351/2 
f 1799/361/5 1800/362/5 1791/353/5 1790/352/5 
f 1801/363/4 1799/361/4 1790/352/4 1792/354/4 
usemtl Material__311
f 1802/364/4 1801/363/4 1792/354/4 1793/355/4 
f 1803/365/4 1802/364/4 1793/355/4 1794/356/4 
usemtl 01___Default
f 1804/367/2 1805/366/2 1796/357/2 1795/358/2 
f 1806/368/2 1807/367/2 1798/358/2 1797/359/2 
f 1800/369/2 1806/368/2 1797/359/2 1791/360/2 
f 1422/370/544 1421/371/544 1800/362/544 1799/361/544 
f 1424/372/4 1422/370/4 1799/361/4 1801/363/4 
usemtl Material__311
f 1426/373/4 1424/372/4 1801/363/4 1802/364/4 
f 1428/374/4 1426/373/4 1802/364/4 1803/365/4 
usemtl 01___Default
f 1432/376/2 1431/375/2 1805/366/2 1804/367/2 
f 1436/377/2 1435/376/2 1807/367/2 1806/368/2 
f 1421/378/2 1436/377/2 1806/368/2 1800/369/2 
f 1431/12/545 1430/11/545 1808/11/545 1809/12/545 
f 1805/366/546 1431/375/547 1809/375/546 1810/366/547 
f 1796/357/548 1805/366/548 1810/366/548 1811/357/548 
f 1787/348/8 1796/357/549 1811/357/8 1812/348/8 
f 1778/339/10 1787/348/10 1812/348/10 1813/339/10 
f 1769/330/12 1778/339/12 1813/339/12 1814/330/12 
f 1760/321/14 1769/330/14 1814/330/14 1815/321/14 
f 1751/312/16 1760/321/16 1815/321/16 1816/312/16 
f 1742/303/18 1751/312/18 1816/312/18 1817/303/18 
f 1733/294/20 1742/303/20 1817/303/20 1818/294/20 
f 1724/285/22 1733/294/22 1818/294/22 1819/285/22 
f 1715/276/550 1724/285/550 1819/285/550 1820/276/550 
f 1706/267/551 1715/276/551 1820/276/551 1821/267/551 
f 1697/258/552 1706/267/552 1821/267/552 1822/258/552 
f 1688/249/553 1697/258/553 1822/258/553 1823/249/553 
f 1679/240/554 1688/249/554 1823/249/554 1824/240/554 
f 1670/231/555 1679/240/555 1824/240/555 1825/231/555 
f 1661/222/556 1670/231/556 1825/231/556 1826/222/556 
f 1652/213/557 1661/222/557 1826/222/557 1827/213/557 
f 1643/204/558 1652/213/558 1827/213/558 1641/204/558 
f 1633/195/534 1643/204/534 1641/204/534 1631/195/534 
f 1623/186/172 1633/195/172 1631/195/172 1621/186/172 
f 1613/177/559 1623/186/559 1621/186/559 1611/177/559 
f 1603/168/48 1613/177/560 1611/177/48 1601/168/48 
f 1593/159/50 1603/168/50 1601/168/50 1591/159/50 
f 1583/150/52 1593/159/52 1591/159/52 1581/150/52 
f 1573/141/54 1583/150/54 1581/150/54 1571/141/54 
f 1563/132/56 1573/141/56 1571/141/56 1561/132/56 
f 1553/123/58 1563/132/58 1561/132/58 1551/123/58 
f 1543/114/60 1553/123/60 1551/123/60 1541/114/60 
f 1533/105/62 1543/114/62 1541/114/62 1531/105/62 
f 1523/96/64 1533/105/64 1531/105/64 1521/96/64 
f 1513/87/533 1523/96/533 1521/96/533 1511/87/533 
f 1503/78/531 1513/87/531 1511/87/531 1501/78/531 
f 1493/69/528 1503/78/528 1501/78/528 1491/69/528 
f 1483/60/526 1493/69/526 1491/69/526 1481/60/526 
f 1473/51/524 1483/60/524 1481/60/524 1471/51/524 
f 1463/42/522 1473/51/522 1471/51/522 1460/42/522 
f 1452/33/520 1463/42/520 1460/42/520 1461/33/520 
f 1443/24/561 1452/33/561 1461/33/561 1828/24/561 
f 1430/11/562 1443/24/562 1828/24/562 1808/11/562 
f 1429/13/517 1432/14/517 1435/14/517 1434/13/517 
f 1442/25/563 1429/13/81 1434/13/563 1445/25/563 
f 1451/34/518 1442/25/518 1445/25/518 1454/34/518 
f 1462/43/519 1451/34/519 1454/34/519 1465/43/519 
f 1472/52/521 1462/43/521 1465/43/521 1475/52/521 
f 1482/61/523 1472/52/523 1475/52/523 1485/61/523 
f 1492/70/525 1482/61/525 1485/61/525 1495/70/525 
f 1502/79/527 1492/70/527 1495/70/527 1505/79/527 
f 1512/88/529 1502/79/529 1505/79/529 1515/88/529 
f 1522/97/532 1512/88/532 1515/88/532 1525/97/532 
f 1532/106/564 1522/97/564 1525/97/564 1535/106/564 
f 1542/115/565 1532/106/565 1535/106/565 1545/115/565 
f 1552/124/566 1542/115/566 1545/115/566 1555/124/566 
f 1562/133/567 1552/124/567 1555/124/567 1565/133/567 
f 1572/142/55 1562/133/568 1565/133/55 1575/142/55 
f 1582/151/53 1572/142/53 1575/142/53 1585/151/53 
f 1592/160/51 1582/151/51 1585/151/51 1595/160/51 
f 1602/169/49 1592/160/49 1595/160/49 1605/169/49 
f 1612/178/47 1602/169/47 1605/169/47 1615/178/47 
f 1622/187/45 1612/178/45 1615/178/45 1625/187/45 
f 1632/196/43 1622/187/43 1625/187/43 1635/196/43 
f 1642/205/41 1632/196/41 1635/196/41 1645/205/41 
f 1651/214/535 1642/205/535 1645/205/535 1654/214/535 
f 1660/223/536 1651/214/536 1654/214/536 1663/223/536 
f 1669/232/537 1660/223/537 1663/223/537 1672/232/537 
f 1678/241/538 1669/232/538 1672/232/538 1681/241/538 
f 1687/250/539 1678/241/539 1681/241/539 1690/250/539 
f 1696/259/540 1687/250/540 1690/250/540 1699/259/540 
f 1705/268/541 1696/259/541 1699/259/541 1708/268/541 
f 1714/277/542 1705/268/542 1708/268/542 1717/277/542 
f 1723/286/543 1714/277/543 1717/277/543 1726/286/543 
f 1732/295/569 1723/286/569 1726/286/569 1735/295/569 
f 1741/304/570 1732/295/570 1735/295/570 1744/304/570 
f 1750/313/571 1741/304/571 1744/304/571 1753/313/571 
f 1759/322/15 1750/313/572 1753/313/15 1762/322/15 
f 1768/331/13 1759/322/13 1762/322/13 1771/331/13 
f 1777/340/11 1768/331/11 1771/331/11 1780/340/11 
f 1786/349/9 1777/340/9 1780/340/9 1789/349/9 
f 1795/358/7 1786/349/7 1789/349/7 1798/358/7 
f 1804/367/5 1795/358/5 1798/358/5 1807/367/5 
f 1432/376/544 1804/367/544 1807/367/544 1435/376/544 
f 1829/1/517 1830/2/517 1831/3/517 1832/4/517 
f 1833/5/4 1829/1/4 1832/4/4 1834/6/4 
usemtl Material__313
f 1835/7/4 1833/5/4 1834/6/4 1836/8/4 
f 1837/9/4 1835/7/4 1836/8/4 1838/10/4 
usemtl 01___Default
f 1839/11/545 1837/9/545 1838/10/545 1840/12/545 
f 1841/13/2 1842/11/2 1843/12/2 1844/14/2 
f 1845/15/2 1846/13/2 1847/14/2 1848/16/2 
f 1830/17/2 1845/15/2 1848/16/2 1831/18/2 
f 1849/19/81 1850/20/81 1830/2/81 1829/1/81 
f 1851/21/4 1849/19/149 1829/1/4 1833/5/4 
usemtl Material__313
f 1852/22/4 1851/21/4 1833/5/4 1835/7/4 
f 1853/23/4 1852/22/4 1835/7/4 1837/9/4 
usemtl 01___Default
f 1854/24/562 1853/23/562 1837/9/562 1839/11/562 
f 1855/25/2 1856/24/2 1842/11/2 1841/13/2 
f 1857/26/2 1858/25/2 1846/13/2 1845/15/2 
f 1850/27/2 1857/26/2 1845/15/2 1830/17/2 
f 1859/28/79 1860/29/518 1850/20/79 1849/19/79 
f 1861/30/149 1859/28/149 1849/19/149 1851/21/149 
usemtl Material__313
f 1862/31/4 1861/30/4 1851/21/4 1852/22/4 
f 1863/32/4 1862/31/4 1852/22/4 1853/23/4 
usemtl 01___Default
f 1864/33/561 1863/32/561 1853/23/561 1854/24/561 
f 1865/34/2 1866/33/2 1856/24/2 1855/25/2 
f 1867/35/2 1868/34/2 1858/25/2 1857/26/2 
f 1860/36/2 1867/35/2 1857/26/2 1850/27/2 
f 1869/37/519 1870/38/519 1860/29/519 1859/28/519 
f 1871/39/149 1869/37/149 1859/28/149 1861/30/149 
usemtl Material__313
f 1872/40/4 1871/39/4 1861/30/4 1862/31/4 
f 1873/41/4 1872/40/4 1862/31/4 1863/32/4 
usemtl 01___Default
f 1874/42/520 1873/41/520 1863/32/520 1864/33/520 
f 1875/43/2 1876/42/2 1866/33/2 1865/34/2 
f 1877/44/2 1878/43/2 1868/34/2 1867/35/2 
f 1870/45/2 1877/44/2 1867/35/2 1860/36/2 
f 1879/46/521 1880/47/521 1870/38/521 1869/37/521 
f 1881/48/149 1879/46/149 1869/37/149 1871/39/149 
usemtl Material__313
f 1882/49/4 1881/48/4 1871/39/4 1872/40/4 
f 1883/50/4 1882/49/4 1872/40/4 1873/41/4 
usemtl 01___Default
f 1884/51/522 1883/50/522 1873/41/522 1874/42/522 
f 1885/52/2 1886/51/2 1876/42/2 1875/43/2 
f 1887/53/2 1888/52/2 1878/43/2 1877/44/2 
f 1880/54/2 1887/53/2 1877/44/2 1870/45/2 
f 1889/55/523 1890/56/523 1880/47/523 1879/46/523 
f 1891/57/4 1889/55/4 1879/46/4 1881/48/4 
usemtl Material__313
f 1892/58/4 1891/57/4 1881/48/4 1882/49/4 
f 1893/59/4 1892/58/4 1882/49/4 1883/50/4 
usemtl 01___Default
f 1894/60/524 1893/59/524 1883/50/524 1884/51/524 
f 1895/61/2 1896/60/2 1886/51/2 1885/52/2 
f 1897/62/2 1898/61/2 1888/52/2 1887/53/2 
f 1890/63/2 1897/62/2 1887/53/2 1880/54/2 
f 1899/64/525 1900/65/525 1890/56/525 1889/55/525 
f 1901/66/4 1899/64/4 1889/55/4 1891/57/4 
usemtl Material__313
f 1902/67/149 1901/66/149 1891/57/149 1892/58/149 
f 1903/68/4 1902/67/4 1892/58/4 1893/59/4 
usemtl 01___Default
f 1904/69/526 1903/68/526 1893/59/526 1894/60/526 
f 1905/70/2 1906/69/2 1896/60/2 1895/61/2 
f 1907/71/2 1908/70/2 1898/61/2 1897/62/2 
f 1900/72/2 1907/71/2 1897/62/2 1890/63/2 
f 1909/73/527 1910/74/527 1900/65/527 1899/64/527 
f 1911/75/4 1909/73/4 1899/64/4 1901/66/4 
usemtl Material__313
f 1912/76/149 1911/75/149 1901/66/149 1902/67/149 
f 1913/77/4 1912/76/4 1902/67/4 1903/68/4 
usemtl 01___Default
f 1914/78/528 1913/77/528 1903/68/528 1904/69/528 
f 1915/79/2 1916/78/2 1906/69/2 1905/70/2 
f 1917/80/2 1918/79/2 1908/70/2 1907/71/2 
f 1910/81/2 1917/80/2 1907/71/2 1900/72/2 
f 1919/82/529 1920/83/529 1910/74/529 1909/73/529 
f 1921/84/530 1919/82/149 1909/73/530 1911/75/530 
usemtl Material__313
f 1922/85/149 1921/84/530 1911/75/149 1912/76/149 
f 1923/86/4 1922/85/4 1912/76/4 1913/77/4 
usemtl 01___Default
f 1924/87/531 1923/86/531 1913/77/531 1914/78/531 
f 1925/88/2 1926/87/2 1916/78/2 1915/79/2 
f 1927/89/2 1928/88/2 1918/79/2 1917/80/2 
f 1920/90/2 1927/89/2 1917/80/2 1910/81/2 
f 1929/91/532 1930/92/532 1920/83/532 1919/82/532 
f 1931/93/149 1929/91/149 1919/82/149 1921/84/149 
usemtl Material__313
f 1932/94/4 1931/93/4 1921/84/4 1922/85/4 
f 1933/95/4 1932/94/4 1922/85/4 1923/86/4 
usemtl 01___Default
f 1934/96/533 1933/95/533 1923/86/533 1924/87/533 
f 1935/97/2 1936/96/2 1926/87/2 1925/88/2 
f 1937/98/2 1938/97/2 1928/88/2 1927/89/2 
f 1930/99/2 1937/98/2 1927/89/2 1920/90/2 
f 1939/100/564 1940/101/564 1930/92/564 1929/91/564 
f 1941/102/4 1939/100/4 1929/91/4 1931/93/4 
usemtl Material__313
f 1942/103/4 1941/102/4 1931/93/4 1932/94/4 
f 1943/104/4 1942/103/4 1932/94/4 1933/95/4 
usemtl 01___Default
f 1944/105/573 1943/104/573 1933/95/573 1934/96/573 
f 1945/106/2 1946/105/2 1936/96/2 1935/97/2 
f 1947/107/2 1948/106/2 1938/97/2 1937/98/2 
f 1940/108/2 1947/107/2 1937/98/2 1930/99/2 
f 1949/109/565 1950/110/565 1940/101/565 1939/100/565 
f 1951/111/4 1949/109/149 1939/100/4 1941/102/4 
usemtl Material__313
f 1952/112/4 1951/111/4 1941/102/4 1942/103/4 
f 1953/113/4 1952/112/4 1942/103/4 1943/104/4 
usemtl 01___Default
f 1954/114/574 1953/113/574 1943/104/574 1944/105/574 
f 1955/115/2 1956/114/2 1946/105/2 1945/106/2 
f 1957/116/2 1958/115/2 1948/106/2 1947/107/2 
f 1950/117/2 1957/116/2 1947/107/2 1940/108/2 
f 1959/118/566 1960/119/59 1950/110/566 1949/109/566 
f 1961/120/4 1959/118/4 1949/109/4 1951/111/4 
usemtl Material__313
f 1962/121/4 1961/120/4 1951/111/4 1952/112/4 
f 1963/122/4 1962/121/4 1952/112/4 1953/113/4 
usemtl 01___Default
f 1964/123/575 1963/122/575 1953/113/575 1954/114/575 
f 1965/124/2 1966/123/2 1956/114/2 1955/115/2 
f 1967/125/2 1968/124/2 1958/115/2 1957/116/2 
f 1960/126/2 1967/125/2 1957/116/2 1950/117/2 
f 1969/127/57 1970/128/567 1960/119/57 1959/118/57 
f 1971/129/4 1969/127/4 1959/118/4 1961/120/4 
usemtl Material__313
f 1972/130/4 1971/129/4 1961/120/4 1962/121/4 
f 1973/131/4 1972/130/4 1962/121/4 1963/122/4 
usemtl 01___Default
f 1974/132/576 1973/131/576 1963/122/576 1964/123/576 
f 1975/133/2 1976/132/2 1966/123/2 1965/124/2 
f 1977/134/2 1978/133/2 1968/124/2 1967/125/2 
f 1970/135/2 1977/134/2 1967/125/2 1960/126/2 
f 1979/136/568 1980/137/568 1970/128/568 1969/127/568 
f 1981/138/4 1979/136/4 1969/127/4 1971/129/4 
usemtl Material__313
f 1982/139/4 1981/138/4 1971/129/4 1972/130/4 
f 1983/140/4 1982/139/4 1972/130/4 1973/131/4 
usemtl 01___Default
f 1984/141/577 1983/140/577 1973/131/577 1974/132/577 
f 1985/142/2 1986/141/2 1976/132/2 1975/133/2 
f 1987/143/2 1988/142/2 1978/133/2 1977/134/2 
f 1980/144/2 1987/143/2 1977/134/2 1970/135/2 
f 1989/145/578 1990/146/53 1980/137/578 1979/136/578 
f 1991/147/4 1989/145/4 1979/136/4 1981/138/4 
usemtl Material__313
f 1992/148/4 1991/147/4 1981/138/4 1982/139/4 
f 1993/149/4 1992/148/4 1982/139/4 1983/140/4 
usemtl 01___Default
f 1994/150/579 1993/149/579 1983/140/579 1984/141/579 
f 1995/151/2 1996/150/2 1986/141/2 1985/142/2 
f 1997/152/2 1998/151/2 1988/142/2 1987/143/2 
f 1990/153/2 1997/152/2 1987/143/2 1980/144/2 
f 1999/154/51 2000/155/51 1990/146/51 1989/145/51 
f 2001/156/4 1999/154/4 1989/145/4 1991/147/4 
usemtl Material__313
f 2002/157/4 2001/156/4 1991/147/4 1992/148/4 
f 2003/158/4 2002/157/4 1992/148/4 1993/149/4 
usemtl 01___Default
f 2004/159/580 2003/158/580 1993/149/580 1994/150/580 
f 2005/160/2 2006/159/2 1996/150/2 1995/151/2 
f 2007/161/2 2008/160/2 1998/151/2 1997/152/2 
f 2000/162/2 2007/161/2 1997/152/2 1990/153/2 
f 2009/163/49 2010/164/49 2000/155/49 1999/154/49 
f 2011/165/4 2009/163/4 1999/154/4 2001/156/4 
usemtl Material__313
f 2012/166/4 2011/165/4 2001/156/4 2002/157/4 
f 2013/167/4 2012/166/4 2002/157/4 2003/158/4 
usemtl 01___Default
f 2014/168/581 2013/167/581 2003/158/581 2004/159/581 
f 2015/169/2 2016/168/2 2006/159/2 2005/160/2 
f 2017/170/2 2018/169/2 2008/160/2 2007/161/2 
f 2010/171/2 2017/170/2 2007/161/2 2000/162/2 
f 2019/172/47 2020/173/47 2010/164/47 2009/163/47 
f 2021/174/4 2019/172/4 2009/163/4 2011/165/4 
usemtl Material__313
f 2022/175/4 2021/174/4 2011/165/4 2012/166/4 
f 2023/176/4 2022/175/4 2012/166/4 2013/167/4 
usemtl 01___Default
f 2024/177/560 2023/176/560 2013/167/560 2014/168/560 
f 2025/178/2 2026/177/2 2016/168/2 2015/169/2 
f 2027/179/2 2028/178/2 2018/169/2 2017/170/2 
f 2020/180/2 2027/179/2 2017/170/2 2010/171/2 
f 2029/181/45 2030/182/45 2020/173/45 2019/172/45 
f 2031/183/4 2029/181/4 2019/172/4 2021/174/4 
usemtl Material__313
f 2032/184/4 2031/183/4 2021/174/4 2022/175/4 
f 2033/185/4 2032/184/4 2022/175/4 2023/176/4 
usemtl 01___Default
f 2034/186/559 2033/185/559 2023/176/559 2024/177/559 
f 2035/187/2 2036/186/2 2026/177/2 2025/178/2 
f 2037/188/2 2038/187/2 2028/178/2 2027/179/2 
f 2030/189/2 2037/188/2 2027/179/2 2020/180/2 
f 2039/190/43 2040/191/43 2030/182/43 2029/181/43 
f 2041/192/4 2039/190/4 2029/181/4 2031/183/4 
usemtl Material__313
f 2042/193/4 2041/192/4 2031/183/4 2032/184/4 
f 2043/194/4 2042/193/4 2032/184/4 2033/185/4 
usemtl 01___Default
f 2044/195/172 2043/194/172 2033/185/172 2034/186/172 
f 2045/196/2 2046/195/2 2036/186/2 2035/187/2 
f 2047/197/2 2048/196/2 2038/187/2 2037/188/2 
f 2040/198/2 2047/197/2 2037/188/2 2030/189/2 
f 2049/199/41 2050/200/41 2040/191/41 2039/190/41 
f 2051/201/4 2049/199/4 2039/190/4 2041/192/4 
usemtl Material__313
f 2052/202/4 2051/201/4 2041/192/4 2042/193/4 
f 2053/203/4 2052/202/4 2042/193/4 2043/194/4 
usemtl 01___Default
f 2054/204/534 2053/203/534 2043/194/534 2044/195/534 
f 2055/205/2 2056/204/2 2046/195/2 2045/196/2 
f 2057/206/2 2058/205/2 2048/196/2 2047/197/2 
f 2050/207/2 2057/206/2 2047/197/2 2040/198/2 
f 2059/208/39 2060/209/39 2050/200/39 2049/199/39 
f 2061/210/4 2059/208/4 2049/199/4 2051/201/4 
usemtl Material__313
f 2062/211/4 2061/210/4 2051/201/4 2052/202/4 
f 2063/212/4 2062/211/4 2052/202/4 2053/203/4 
usemtl 01___Default
f 2064/213/558 2063/212/558 2053/203/558 2054/204/558 
f 2065/214/2 2066/213/2 2056/204/2 2055/205/2 
f 2067/215/2 2068/214/2 2058/205/2 2057/206/2 
f 2060/216/2 2067/215/2 2057/206/2 2050/207/2 
f 2069/217/37 2070/218/37 2060/209/37 2059/208/37 
f 2071/219/4 2069/217/4 2059/208/4 2061/210/4 
usemtl Material__313
f 2072/220/4 2071/219/4 2061/210/4 2062/211/4 
f 2073/221/4 2072/220/4 2062/211/4 2063/212/4 
usemtl 01___Default
f 2074/222/557 2073/221/557 2063/212/557 2064/213/557 
f 2075/223/2 2076/222/2 2066/213/2 2065/214/2 
f 2077/224/2 2078/223/2 2068/214/2 2067/215/2 
f 2070/225/2 2077/224/2 2067/215/2 2060/216/2 
f 2079/226/35 2080/227/35 2070/218/35 2069/217/35 
f 2081/228/4 2079/226/4 2069/217/4 2071/219/4 
usemtl Material__313
f 2082/229/4 2081/228/4 2071/219/4 2072/220/4 
f 2083/230/4 2082/229/4 2072/220/4 2073/221/4 
usemtl 01___Default
f 2084/231/556 2083/230/556 2073/221/556 2074/222/556 
f 2085/232/2 2086/231/2 2076/222/2 2075/223/2 
f 2087/233/2 2088/232/2 2078/223/2 2077/224/2 
f 2080/234/2 2087/233/2 2077/224/2 2070/225/2 
f 2089/235/33 2090/236/538 2080/227/33 2079/226/33 
f 2091/237/4 2089/235/4 2079/226/4 2081/228/4 
usemtl Material__313
f 2092/238/4 2091/237/4 2081/228/4 2082/229/4 
f 2093/239/4 2092/238/4 2082/229/4 2083/230/4 
usemtl 01___Default
f 2094/240/555 2093/239/555 2083/230/555 2084/231/555 
f 2095/241/2 2096/240/2 2086/231/2 2085/232/2 
f 2097/242/2 2098/241/2 2088/232/2 2087/233/2 
f 2090/243/2 2097/242/2 2087/233/2 2080/234/2 
f 2099/244/539 2100/245/539 2090/236/539 2089/235/539 
f 2101/246/4 2099/244/4 2089/235/4 2091/237/4 
usemtl Material__313
f 2102/247/4 2101/246/4 2091/237/4 2092/238/4 
f 2103/248/4 2102/247/4 2092/238/4 2093/239/4 
usemtl 01___Default
f 2104/249/554 2103/248/554 2093/239/554 2094/240/554 
f 2105/250/2 2106/249/2 2096/240/2 2095/241/2 
f 2107/251/2 2108/250/2 2098/241/2 2097/242/2 
f 2100/252/2 2107/251/2 2097/242/2 2090/243/2 
f 2109/253/540 2110/254/540 2100/245/540 2099/244/540 
f 2111/255/4 2109/253/4 2099/244/4 2101/246/4 
usemtl Material__313
f 2112/256/4 2111/255/4 2101/246/4 2102/247/4 
f 2113/257/4 2112/256/4 2102/247/4 2103/248/4 
usemtl 01___Default
f 2114/258/553 2113/257/553 2103/248/553 2104/249/553 
f 2115/259/2 2116/258/2 2106/249/2 2105/250/2 
f 2117/260/2 2118/259/2 2108/250/2 2107/251/2 
f 2110/261/2 2117/260/2 2107/251/2 2100/252/2 
f 2119/262/541 2120/263/541 2110/254/541 2109/253/541 
f 2121/264/4 2119/262/4 2109/253/4 2111/255/4 
usemtl Material__313
f 2122/265/4 2121/264/4 2111/255/4 2112/256/4 
f 2123/266/4 2122/265/4 2112/256/4 2113/257/4 
usemtl 01___Default
f 2124/267/552 2123/266/552 2113/257/552 2114/258/552 
f 2125/268/2 2126/267/2 2116/258/2 2115/259/2 
f 2127/269/2 2128/268/2 2118/259/2 2117/260/2 
f 2120/270/2 2127/269/2 2117/260/2 2110/261/2 
f 2129/271/542 2130/272/542 2120/263/542 2119/262/542 
f 2131/273/4 2129/271/4 2119/262/4 2121/264/4 
usemtl Material__313
f 2132/274/4 2131/273/4 2121/264/4 2122/265/4 
f 2133/275/4 2132/274/4 2122/265/4 2123/266/4 
usemtl 01___Default
f 2134/276/551 2133/275/551 2123/266/551 2124/267/551 
f 2135/277/2 2136/276/2 2126/267/2 2125/268/2 
f 2137/278/2 2138/277/2 2128/268/2 2127/269/2 
f 2130/279/2 2137/278/2 2127/269/2 2120/270/2 
f 2139/280/543 2140/281/543 2130/272/543 2129/271/543 
f 2141/282/4 2139/280/4 2129/271/4 2131/273/4 
usemtl Material__313
f 2142/283/4 2141/282/4 2131/273/4 2132/274/4 
f 2143/284/4 2142/283/4 2132/274/4 2133/275/4 
usemtl 01___Default
f 2144/285/550 2143/284/550 2133/275/550 2134/276/550 
f 2145/286/2 2146/285/2 2136/276/2 2135/277/2 
f 2147/287/2 2148/286/2 2138/277/2 2137/278/2 
f 2140/288/2 2147/287/2 2137/278/2 2130/279/2 
f 2149/289/569 2150/290/569 2140/281/569 2139/280/569 
f 2151/291/4 2149/289/4 2139/280/4 2141/282/4 
usemtl Material__313
f 2152/292/4 2151/291/4 2141/282/4 2142/283/4 
f 2153/293/4 2152/292/4 2142/283/4 2143/284/4 
usemtl 01___Default
f 2154/294/582 2153/293/22 2143/284/582 2144/285/582 
f 2155/295/2 2156/294/2 2146/285/2 2145/286/2 
f 2157/296/2 2158/295/2 2148/286/2 2147/287/2 
f 2150/297/2 2157/296/2 2147/287/2 2140/288/2 
f 2159/298/570 2160/299/570 2150/290/570 2149/289/570 
f 2161/300/4 2159/298/4 2149/289/4 2151/291/4 
usemtl Material__313
f 2162/301/4 2161/300/4 2151/291/4 2152/292/4 
f 2163/302/4 2162/301/4 2152/292/4 2153/293/4 
usemtl 01___Default
f 2164/303/20 2163/302/583 2153/293/20 2154/294/20 
f 2165/304/2 2166/303/2 2156/294/2 2155/295/2 
f 2167/305/2 2168/304/2 2158/295/2 2157/296/2 
f 2160/306/2 2167/305/2 2157/296/2 2150/297/2 
f 2169/307/571 2170/308/571 2160/299/571 2159/298/571 
f 2171/309/4 2169/307/4 2159/298/4 2161/300/4 
usemtl Material__313
f 2172/310/4 2171/309/4 2161/300/4 2162/301/4 
f 2173/311/4 2172/310/4 2162/301/4 2163/302/4 
usemtl 01___Default
f 2174/312/584 2173/311/584 2163/302/584 2164/303/584 
f 2175/313/2 2176/312/2 2166/303/2 2165/304/2 
f 2177/314/2 2178/313/2 2168/304/2 2167/305/2 
f 2170/315/2 2177/314/2 2167/305/2 2160/306/2 
f 2179/316/572 2180/317/572 2170/308/572 2169/307/572 
f 2181/318/4 2179/316/4 2169/307/4 2171/309/4 
usemtl Material__313
f 2182/319/4 2181/318/4 2171/309/4 2172/310/4 
f 2183/320/4 2182/319/4 2172/310/4 2173/311/4 
usemtl 01___Default
f 2184/321/585 2183/320/585 2173/311/585 2174/312/585 
f 2185/322/2 2186/321/2 2176/312/2 2175/313/2 
f 2187/323/2 2188/322/2 2178/313/2 2177/314/2 
f 2180/324/2 2187/323/2 2177/314/2 2170/315/2 
f 2189/325/586 2190/326/586 2180/317/586 2179/316/586 
f 2191/327/4 2189/325/4 2179/316/4 2181/318/4 
usemtl Material__313
f 2192/328/4 2191/327/4 2181/318/4 2182/319/4 
f 2193/329/4 2192/328/4 2182/319/4 2183/320/4 
usemtl 01___Default
f 2194/330/587 2193/329/587 2183/320/587 2184/321/587 
f 2195/331/2 2196/330/2 2186/321/2 2185/322/2 
f 2197/332/2 2198/331/2 2188/322/2 2187/323/2 
f 2190/333/2 2197/332/2 2187/323/2 2180/324/2 
f 2199/334/588 2200/335/11 2190/326/588 2189/325/588 
f 2201/336/4 2199/334/4 2189/325/4 2191/327/4 
usemtl Material__313
f 2202/337/4 2201/336/4 2191/327/4 2192/328/4 
f 2203/338/4 2202/337/4 2192/328/4 2193/329/4 
usemtl 01___Default
f 2204/339/589 2203/338/589 2193/329/589 2194/330/589 
f 2205/340/2 2206/339/2 2196/330/2 2195/331/2 
f 2207/341/2 2208/340/2 2198/331/2 2197/332/2 
f 2200/342/2 2207/341/2 2197/332/2 2190/333/2 
f 2209/343/9 2210/344/9 2200/335/9 2199/334/9 
f 2211/345/4 2209/343/4 2199/334/4 2201/336/4 
usemtl Material__313
f 2212/346/4 2211/345/4 2201/336/4 2202/337/4 
f 2213/347/4 2212/346/4 2202/337/4 2203/338/4 
usemtl 01___Default
f 2214/348/590 2213/347/590 2203/338/590 2204/339/590 
f 2215/349/2 2216/348/2 2206/339/2 2205/340/2 
f 2217/350/2 2218/349/2 2208/340/2 2207/341/2 
f 2210/351/2 2217/350/2 2207/341/2 2200/342/2 
f 2219/352/7 2220/353/7 2210/344/7 2209/343/7 
f 2221/354/4 2219/352/4 2209/343/4 2211/345/4 
usemtl Material__313
f 2222/355/4 2221/354/4 2211/345/4 2212/346/4 
f 2223/356/4 2222/355/4 2212/346/4 2213/347/4 
usemtl 01___Default
f 2224/357/549 2223/356/549 2213/347/549 2214/348/549 
f 2225/358/2 2226/357/2 2216/348/2 2215/349/2 
f 2227/359/2 2228/358/2 2218/349/2 2217/350/2 
f 2220/360/2 2227/359/2 2217/350/2 2210/351/2 
f 2229/361/5 2230/362/5 2220/353/5 2219/352/5 
f 2231/363/4 2229/361/4 2219/352/4 2221/354/4 
usemtl Material__313
f 2232/364/4 2231/363/4 2221/354/4 2222/355/4 
f 2233/365/4 2232/364/4 2222/355/4 2223/356/4 
usemtl 01___Default
f 2234/366/548 2233/365/548 2223/356/548 2224/357/548 
f 2235/367/2 2236/366/2 2226/357/2 2225/358/2 
f 2237/368/2 2238/367/2 2228/358/2 2227/359/2 
f 2230/369/2 2237/368/2 2227/359/2 2220/360/2 
f 1832/370/544 1831/371/544 2230/362/544 2229/361/544 
f 1834/372/4 1832/370/4 2229/361/4 2231/363/4 
usemtl Material__313
f 1836/373/4 1834/372/4 2231/363/4 2232/364/4 
f 1838/374/4 1836/373/4 2232/364/4 2233/365/4 
usemtl 01___Default
f 1840/375/547 1838/374/547 2233/365/547 2234/366/547 
f 1844/376/2 1843/375/2 2236/366/2 2235/367/2 
f 1848/377/2 1847/376/2 2238/367/2 2237/368/2 
f 1831/378/2 1848/377/2 2237/368/2 2230/369/2 
f 1843/12/85 1842/11/85 1839/11/85 1840/12/85 
f 2236/366/591 1843/375/591 1840/375/591 2234/366/591 
f 2226/357/6 2236/366/6 2234/366/6 2224/357/6 
f 2216/348/549 2226/357/8 2224/357/549 2214/348/549 
f 2206/339/590 2216/348/590 2214/348/590 2204/339/590 
f 2196/330/589 2206/339/589 2204/339/589 2194/330/589 
f 2186/321/587 2196/330/587 2194/330/587 2184/321/587 
f 2176/312/585 2186/321/585 2184/321/585 2174/312/585 
f 2166/303/584 2176/312/584 2174/312/584 2164/303/584 
f 2156/294/583 2166/303/583 2164/303/583 2154/294/583 
f 2146/285/582 2156/294/582 2154/294/582 2144/285/582 
f 2136/276/550 2146/285/550 2144/285/550 2134/276/550 
f 2126/267/551 2136/276/551 2134/276/551 2124/267/551 
f 2116/258/552 2126/267/552 2124/267/552 2114/258/552 
f 2106/249/553 2116/258/553 2114/258/553 2104/249/553 
f 2096/240/554 2106/249/554 2104/249/554 2094/240/554 
f 2086/231/555 2096/240/555 2094/240/555 2084/231/555 
f 2076/222/556 2086/231/556 2084/231/556 2074/222/556 
f 2066/213/557 2076/222/557 2074/222/557 2064/213/557 
f 2056/204/40 2066/213/558 2064/213/40 2054/204/40 
f 2046/195/534 2056/204/42 2054/204/534 2044/195/534 
f 2036/186/44 2046/195/44 2044/195/44 2034/186/44 
f 2026/177/46 2036/186/46 2034/186/46 2024/177/46 
f 2016/168/560 2026/177/48 2024/177/560 2014/168/560 
f 2006/159/581 2016/168/581 2014/168/581 2004/159/581 
f 1996/150/580 2006/159/580 2004/159/580 1994/150/580 
f 1986/141/579 1996/150/579 1994/150/579 1984/141/579 
f 1976/132/577 1986/141/577 1984/141/577 1974/132/577 
f 1966/123/576 1976/132/576 1974/132/576 1964/123/576 
f 1956/114/575 1966/123/575 1964/123/575 1954/114/575 
f 1946/105/574 1956/114/574 1954/114/574 1944/105/574 
f 1936/96/573 1946/105/573 1944/105/573 1934/96/573 
f 1926/87/533 1936/96/533 1934/96/533 1924/87/533 
f 1916/78/531 1926/87/531 1924/87/531 1914/78/531 
f 1906/69/528 1916/78/528 1914/78/528 1904/69/528 
f 1896/60/526 1906/69/526 1904/69/526 1894/60/526 
f 1886/51/524 1896/60/592 1894/60/524 1884/51/524 
f 1876/42/522 1886/51/522 1884/51/522 1874/42/522 
f 1866/33/520 1876/42/520 1874/42/520 1864/33/520 
f 1856/24/80 1866/33/561 1864/33/80 1854/24/80 
f 1842/11/82 1856/24/82 1854/24/82 1839/11/82 
f 1841/13/517 1844/14/517 1847/14/517 1846/13/517 
f 1855/25/81 1841/13/81 1846/13/81 1858/25/81 
f 1865/34/79 1855/25/79 1858/25/79 1868/34/79 
f 1875/43/77 1865/34/77 1868/34/77 1878/43/77 
f 1885/52/75 1875/43/75 1878/43/75 1888/52/75 
f 1895/61/73 1885/52/73 1888/52/73 1898/61/73 
f 1905/70/71 1895/61/71 1898/61/71 1908/70/71 
f 1915/79/527 1905/70/69 1908/70/527 1918/79/527 
f 1925/88/529 1915/79/529 1918/79/529 1928/88/529 
f 1935/97/532 1925/88/532 1928/88/532 1938/97/532 
f 1945/106/564 1935/97/564 1938/97/564 1948/106/564 
f 1955/115/565 1945/106/565 1948/106/565 1958/115/565 
f 1965/124/59 1955/115/566 1958/115/59 1968/124/59 
f 1975/133/57 1965/124/57 1968/124/57 1978/133/57 
f 1985/142/55 1975/133/55 1978/133/55 1988/142/55 
f 1995/151/53 1985/142/53 1988/142/53 1998/151/53 
f 2005/160/51 1995/151/51 1998/151/51 2008/160/51 
f 2015/169/49 2005/160/49 2008/160/49 2018/169/49 
f 2025/178/47 2015/169/47 2018/169/47 2028/178/47 
f 2035/187/45 2025/178/45 2028/178/45 2038/187/45 
f 2045/196/43 2035/187/43 2038/187/43 2048/196/43 
f 2055/205/41 2045/196/41 2048/196/41 2058/205/41 
f 2065/214/39 2055/205/39 2058/205/39 2068/214/39 
f 2075/223/37 2065/214/37 2068/214/37 2078/223/37 
f 2085/232/35 2075/223/35 2078/223/35 2088/232/35 
f 2095/241/33 2085/232/33 2088/232/33 2098/241/33 
f 2105/250/31 2095/241/31 2098/241/31 2108/250/31 
f 2115/259/29 2105/250/29 2108/250/29 2118/259/29 
f 2125/268/541 2115/259/27 2118/259/541 2128/268/541 
f 2135/277/542 2125/268/542 2128/268/542 2138/277/542 
f 2145/286/543 2135/277/543 2138/277/543 2148/286/543 
f 2155/295/569 2145/286/569 2148/286/569 2158/295/569 
f 2165/304/570 2155/295/570 2158/295/570 2168/304/570 
f 2175/313/17 2165/304/571 2168/304/17 2178/313/17 
f 2185/322/15 2175/313/15 2178/313/15 2188/322/15 
f 2195/331/13 2185/322/13 2188/322/13 2198/331/13 
f 2205/340/11 2195/331/11 2198/331/11 2208/340/11 
f 2215/349/9 2205/340/9 2208/340/9 2218/349/9 
f 2225/358/7 2215/349/7 2218/349/7 2228/358/7 
f 2235/367/5 2225/358/5 2228/358/5 2238/367/5 
f 1844/376/544 2235/367/544 2238/367/544 1847/376/544 
f 2239/543/4 2240/381/4 2241/542/4 2242/544/4 
f 2243/541/4 2242/544/4 2241/542/4 2244/374/4 
f 2243/541/4 2245/382/4 2242/544/4 
f 2239/543/4 2242/544/4 2246/10/4 
f 2247/375/593 2248/545/593 2249/486/593 
f 2248/545/594 2250/546/594 2251/547/594 
f 2248/545/595 2251/547/595 2249/486/595 
f 2249/486/596 2251/547/596 2252/470/596 
f 2250/546/597 2253/548/597 2254/549/597 
f 2250/546/598 2254/549/598 2251/547/598 
f 2251/547/599 2254/549/599 2255/550/599 
f 2251/547/600 2255/550/600 2252/470/600 
f 2252/470/601 2255/550/601 2256/551/601 
f 2253/548/602 2257/552/602 2258/553/602 
f 2253/548/603 2258/553/603 2254/549/603 
f 2254/549/604 2258/553/604 2259/554/604 
f 2254/549/605 2259/554/605 2255/550/605 
f 2255/550/606 2259/554/606 2260/555/606 
f 2255/550/607 2260/555/607 2256/551/607 
f 2256/551/608 2260/555/608 2261/556/608 
f 2247/377/609 2249/486/609 2262/557/609 
f 2249/486/610 2252/470/610 2263/558/610 
f 2249/486/611 2263/558/611 2262/557/611 
f 2262/557/612 2263/558/612 2264/384/612 
f 2252/470/613 2256/551/613 2265/559/613 
f 2252/470/614 2265/559/614 2263/558/614 
f 2263/558/615 2265/559/615 2266/560/615 
f 2263/558/616 2266/560/616 2264/384/616 
f 2264/384/617 2266/560/617 2267/561/617 
f 2256/551/618 2261/556/618 2268/562/618 
f 2256/551/619 2268/562/619 2265/559/619 
f 2265/559/620 2268/562/620 2269/563/620 
f 2265/559/621 2269/563/621 2266/560/621 
f 2266/560/622 2269/563/622 2270/564/622 
f 2266/560/623 2270/564/623 2267/561/623 
f 2267/561/624 2270/564/624 2271/381/624 
f 2247/370/625 2262/565/625 2272/471/625 
f 2262/565/626 2264/383/626 2273/566/626 
f 2262/565/627 2273/566/627 2272/471/627 
usemtl 07___Default
f 2272/471/628 2273/566/628 2274/467/628 
usemtl 01___Default
f 2264/383/629 2267/567/629 2275/568/629 
f 2264/383/630 2275/568/630 2273/566/630 
usemtl 07___Default
f 2273/566/631 2275/568/631 2276/569/631 
f 2273/566/632 2276/569/632 2274/467/632 
f 2274/467/633 2276/569/633 2277/570/633 
usemtl 01___Default
f 2267/567/634 2271/382/634 2278/571/634 
f 2267/567/635 2278/571/635 2275/568/635 
usemtl 07___Default
f 2275/568/636 2278/571/636 2279/572/636 
f 2275/568/637 2279/572/637 2276/569/637 
f 2276/569/638 2279/572/638 2280/573/638 
f 2276/569/639 2280/573/639 2277/570/639 
f 2277/570/640 2280/573/640 2281/574/640 
usemtl 01___Default
f 2247/373/641 2272/471/641 2248/545/641 
usemtl 07___Default
f 2272/471/642 2274/467/642 2282/575/642 
usemtl 01___Default
f 2272/471/643 2282/575/643 2248/545/643 
f 2248/545/644 2282/575/644 2250/546/644 
usemtl 07___Default
f 2274/467/645 2277/570/645 2283/576/645 
f 2274/467/646 2283/576/646 2282/575/646 
f 2282/575/647 2283/576/647 2284/577/647 
usemtl 01___Default
f 2282/575/648 2284/577/648 2250/546/648 
f 2250/546/649 2284/577/649 2253/548/649 
usemtl 07___Default
f 2277/570/650 2281/574/650 2285/578/650 
f 2277/570/651 2285/578/651 2283/576/651 
f 2283/576/652 2285/578/652 2286/579/652 
f 2283/576/653 2286/579/653 2284/577/653 
f 2284/577/654 2286/579/654 2287/580/654 
usemtl 01___Default
f 2284/577/655 2287/580/655 2253/548/655 
f 2253/548/656 2287/580/656 2257/552/656 
f 2288/12/657 2289/479/657 2290/581/657 
f 2289/479/658 2291/469/658 2292/582/658 
f 2289/479/659 2292/582/659 2290/581/659 
f 2290/581/660 2292/582/660 2293/583/660 
f 2291/469/661 2294/584/661 2295/585/661 
f 2291/469/662 2295/585/662 2292/582/662 
f 2292/582/663 2295/585/663 2296/586/663 
f 2292/582/664 2296/586/664 2293/583/664 
f 2293/583/665 2296/586/665 2297/587/665 
f 2294/584/666 2261/556/666 2260/555/666 
f 2294/584/667 2260/555/667 2295/585/667 
f 2295/585/668 2260/555/668 2259/554/668 
f 2295/585/669 2259/554/669 2296/586/669 
f 2296/586/670 2259/554/670 2258/553/670 
f 2296/586/671 2258/553/671 2297/587/671 
f 2297/587/672 2258/553/672 2257/552/672 
f 2288/16/673 2298/588/673 2289/479/673 
f 2298/588/674 2299/380/674 2300/589/674 
f 2298/588/675 2300/589/675 2289/479/675 
f 2289/479/676 2300/589/676 2291/469/676 
f 2299/380/677 2301/590/677 2302/591/677 
f 2299/380/678 2302/591/678 2300/589/678 
f 2300/589/679 2302/591/679 2303/592/679 
f 2300/589/680 2303/592/680 2291/469/680 
f 2291/469/681 2303/592/681 2294/584/681 
f 2301/590/682 2271/381/682 2270/564/682 
f 2301/590/683 2270/564/683 2302/591/683 
f 2302/591/684 2270/564/684 2269/563/684 
f 2302/591/685 2269/563/685 2303/592/685 
f 2303/592/686 2269/563/686 2268/562/686 
f 2303/592/687 2268/562/687 2294/584/687 
f 2294/584/688 2268/562/688 2261/556/688 
f 2288/4/689 2304/478/689 2298/593/689 
usemtl 07___Default
f 2304/478/690 2305/468/690 2306/594/690 
usemtl 01___Default
f 2304/478/691 2306/594/691 2298/593/691 
f 2298/593/692 2306/594/692 2299/379/692 
usemtl 07___Default
f 2305/468/693 2307/595/693 2308/596/693 
f 2305/468/694 2308/596/694 2306/594/694 
f 2306/594/695 2308/596/695 2309/597/695 
usemtl 01___Default
f 2306/594/696 2309/597/696 2299/379/696 
f 2299/379/697 2309/597/697 2301/598/697 
usemtl 07___Default
f 2307/595/698 2281/574/698 2280/573/698 
f 2307/595/699 2280/573/699 2308/596/699 
f 2308/596/700 2280/573/700 2279/572/700 
f 2308/596/701 2279/572/701 2309/597/701 
f 2309/597/702 2279/572/702 2278/571/702 
usemtl 01___Default
f 2309/597/703 2278/571/703 2301/598/703 
f 2301/598/704 2278/571/704 2271/382/704 
f 2288/8/705 2290/581/705 2304/478/705 
f 2290/581/706 2293/583/706 2310/599/706 
f 2290/581/707 2310/599/707 2304/478/707 
usemtl 07___Default
f 2304/478/708 2310/599/708 2305/468/708 
usemtl 01___Default
f 2293/583/709 2297/587/709 2311/600/709 
f 2293/583/710 2311/600/710 2310/599/710 
usemtl 07___Default
f 2310/599/711 2311/600/711 2312/601/711 
f 2310/599/712 2312/601/712 2305/468/712 
f 2305/468/713 2312/601/713 2307/595/713 
usemtl 01___Default
f 2297/587/714 2257/552/714 2287/580/714 
f 2297/587/715 2287/580/715 2311/600/715 
usemtl 07___Default
f 2311/600/716 2287/580/716 2286/579/716 
f 2311/600/717 2286/579/717 2312/601/717 
f 2312/601/718 2286/579/718 2285/578/718 
f 2312/601/719 2285/578/719 2307/595/719 
f 2307/595/720 2285/578/720 2281/574/720 
usemtl 01___Default
f 2313/11/85 2314/9/85 2315/10/85 2316/12/85 
f 2317/24/82 2318/23/82 2314/9/82 2313/11/82 
f 2319/33/80 2320/32/80 2318/23/80 2317/24/80 
f 2321/213/40 2322/212/40 2323/203/40 2324/204/40 
f 2325/222/38 2326/221/38 2322/212/38 2321/213/38 
f 2327/231/556 2328/230/556 2326/221/556 2325/222/556 
f 2329/240/555 2330/239/555 2328/230/555 2327/231/555 
f 2331/249/554 2332/248/554 2330/239/554 2329/240/554 
f 2333/258/553 2334/257/553 2332/248/553 2331/249/553 
f 2335/267/552 2336/266/552 2334/257/552 2333/258/552 
f 2337/276/551 2338/275/551 2336/266/551 2335/267/551 
f 2339/285/550 2340/284/550 2338/275/550 2337/276/550 
f 2341/294/22 2342/293/22 2340/284/22 2339/285/22 
f 2343/303/20 2344/302/20 2342/293/20 2341/294/20 
f 2345/312/18 2346/311/18 2344/302/18 2343/303/18 
f 2347/321/16 2348/320/16 2346/311/16 2345/312/16 
f 2349/330/14 2350/329/14 2348/320/14 2347/321/14 
f 2351/339/12 2352/338/12 2350/329/12 2349/330/12 
f 2353/348/10 2354/347/10 2352/338/10 2351/339/10 
f 2355/357/8 2356/356/8 2354/347/8 2353/348/8 
f 2357/366/6 2358/365/6 2356/356/6 2355/357/6 
f 2316/375/591 2315/374/591 2358/365/591 2357/366/591 
# 1992 polygons - 568 triangles

